Command line invocation:
    /Applications/Xcode.app/Contents/Developer/usr/bin/xcodebuild -project libsfizz.xcodeproj build -target sfizz_internal -parallelizeTargets -configuration Release -hideShellScriptEnvironment

ComputePackagePrebuildTargetDependencyGraph

CreateBuildRequest

SendProjectDescription

CreateBuildOperation

ComputeTargetDependencyGraph
note: Building targets in dependency order
note: Target dependency graph (51 targets)
    Target 'sfizz_internal' in project 'libsfizz'
        ➜ Explicit dependency on target 'ZERO_CHECK' in project 'libsfizz'
        ➜ Explicit dependency on target 'sfizz_pugixml' in project 'libsfizz'
        ➜ Explicit dependency on target 'sfizz_spline' in project 'libsfizz'
        ➜ Explicit dependency on target 'sfizz_tunings' in project 'libsfizz'
        ➜ Explicit dependency on target 'sfizz_kissfft' in project 'libsfizz'
        ➜ Explicit dependency on target 'sfizz_cephes' in project 'libsfizz'
        ➜ Explicit dependency on target 'sfizz_cpuid' in project 'libsfizz'
        ➜ Explicit dependency on target 'sfizz_filesystem_impl' in project 'libsfizz'
        ➜ Explicit dependency on target 'absl_log_severity' in project 'libsfizz'
        ➜ Explicit dependency on target 'absl_raw_logging_internal' in project 'libsfizz'
        ➜ Explicit dependency on target 'absl_spinlock_wait' in project 'libsfizz'
        ➜ Explicit dependency on target 'absl_malloc_internal' in project 'libsfizz'
        ➜ Explicit dependency on target 'absl_base' in project 'libsfizz'
        ➜ Explicit dependency on target 'absl_throw_delegate' in project 'libsfizz'
        ➜ Explicit dependency on target 'absl_hashtablez_sampler' in project 'libsfizz'
        ➜ Explicit dependency on target 'absl_raw_hash_set' in project 'libsfizz'
        ➜ Explicit dependency on target 'absl_crc_cpu_detect' in project 'libsfizz'
        ➜ Explicit dependency on target 'absl_crc_internal' in project 'libsfizz'
        ➜ Explicit dependency on target 'absl_crc32c' in project 'libsfizz'
        ➜ Explicit dependency on target 'absl_crc_cord_state' in project 'libsfizz'
        ➜ Explicit dependency on target 'absl_stacktrace' in project 'libsfizz'
        ➜ Explicit dependency on target 'absl_symbolize' in project 'libsfizz'
        ➜ Explicit dependency on target 'absl_debugging_internal' in project 'libsfizz'
        ➜ Explicit dependency on target 'absl_demangle_internal' in project 'libsfizz'
        ➜ Explicit dependency on target 'absl_hash' in project 'libsfizz'
        ➜ Explicit dependency on target 'absl_city' in project 'libsfizz'
        ➜ Explicit dependency on target 'absl_low_level_hash' in project 'libsfizz'
        ➜ Explicit dependency on target 'absl_int128' in project 'libsfizz'
        ➜ Explicit dependency on target 'absl_exponential_biased' in project 'libsfizz'
        ➜ Explicit dependency on target 'absl_strings' in project 'libsfizz'
        ➜ Explicit dependency on target 'absl_strings_internal' in project 'libsfizz'
        ➜ Explicit dependency on target 'absl_cord_internal' in project 'libsfizz'
        ➜ Explicit dependency on target 'absl_cordz_functions' in project 'libsfizz'
        ➜ Explicit dependency on target 'absl_cordz_handle' in project 'libsfizz'
        ➜ Explicit dependency on target 'absl_cordz_info' in project 'libsfizz'
        ➜ Explicit dependency on target 'absl_cord' in project 'libsfizz'
        ➜ Explicit dependency on target 'absl_graphcycles_internal' in project 'libsfizz'
        ➜ Explicit dependency on target 'absl_synchronization' in project 'libsfizz'
        ➜ Explicit dependency on target 'absl_time' in project 'libsfizz'
        ➜ Explicit dependency on target 'absl_civil_time' in project 'libsfizz'
        ➜ Explicit dependency on target 'absl_time_zone' in project 'libsfizz'
        ➜ Explicit dependency on target 'absl_bad_optional_access' in project 'libsfizz'
        ➜ Explicit dependency on target 'absl_bad_variant_access' in project 'libsfizz'
        ➜ Explicit dependency on target 'st_audiofile' in project 'libsfizz'
        ➜ Explicit dependency on target 'st_audiofile_formats' in project 'libsfizz'
        ➜ Explicit dependency on target 'aiff' in project 'libsfizz'
        ➜ Explicit dependency on target 'wavpack' in project 'libsfizz'
        ➜ Explicit dependency on target 'sfizz_parser' in project 'libsfizz'
        ➜ Explicit dependency on target 'sfizz_messaging' in project 'libsfizz'
        ➜ Explicit dependency on target 'sfizz_spin_mutex' in project 'libsfizz'
    Target 'sfizz_spin_mutex' in project 'libsfizz'
        ➜ Explicit dependency on target 'ZERO_CHECK' in project 'libsfizz'
    Target 'sfizz_messaging' in project 'libsfizz'
        ➜ Explicit dependency on target 'absl_log_severity' in project 'libsfizz'
        ➜ Explicit dependency on target 'absl_raw_logging_internal' in project 'libsfizz'
        ➜ Explicit dependency on target 'absl_spinlock_wait' in project 'libsfizz'
        ➜ Explicit dependency on target 'absl_base' in project 'libsfizz'
        ➜ Explicit dependency on target 'absl_throw_delegate' in project 'libsfizz'
        ➜ Explicit dependency on target 'absl_int128' in project 'libsfizz'
        ➜ Explicit dependency on target 'absl_strings' in project 'libsfizz'
        ➜ Explicit dependency on target 'absl_strings_internal' in project 'libsfizz'
    Target 'sfizz_parser' in project 'libsfizz'
        ➜ Explicit dependency on target 'ZERO_CHECK' in project 'libsfizz'
        ➜ Explicit dependency on target 'sfizz_filesystem_impl' in project 'libsfizz'
        ➜ Explicit dependency on target 'absl_log_severity' in project 'libsfizz'
        ➜ Explicit dependency on target 'absl_raw_logging_internal' in project 'libsfizz'
        ➜ Explicit dependency on target 'absl_spinlock_wait' in project 'libsfizz'
        ➜ Explicit dependency on target 'absl_malloc_internal' in project 'libsfizz'
        ➜ Explicit dependency on target 'absl_base' in project 'libsfizz'
        ➜ Explicit dependency on target 'absl_throw_delegate' in project 'libsfizz'
        ➜ Explicit dependency on target 'absl_hashtablez_sampler' in project 'libsfizz'
        ➜ Explicit dependency on target 'absl_raw_hash_set' in project 'libsfizz'
        ➜ Explicit dependency on target 'absl_crc_cpu_detect' in project 'libsfizz'
        ➜ Explicit dependency on target 'absl_crc_internal' in project 'libsfizz'
        ➜ Explicit dependency on target 'absl_crc32c' in project 'libsfizz'
        ➜ Explicit dependency on target 'absl_crc_cord_state' in project 'libsfizz'
        ➜ Explicit dependency on target 'absl_stacktrace' in project 'libsfizz'
        ➜ Explicit dependency on target 'absl_symbolize' in project 'libsfizz'
        ➜ Explicit dependency on target 'absl_debugging_internal' in project 'libsfizz'
        ➜ Explicit dependency on target 'absl_demangle_internal' in project 'libsfizz'
        ➜ Explicit dependency on target 'absl_hash' in project 'libsfizz'
        ➜ Explicit dependency on target 'absl_city' in project 'libsfizz'
        ➜ Explicit dependency on target 'absl_low_level_hash' in project 'libsfizz'
        ➜ Explicit dependency on target 'absl_int128' in project 'libsfizz'
        ➜ Explicit dependency on target 'absl_exponential_biased' in project 'libsfizz'
        ➜ Explicit dependency on target 'absl_strings' in project 'libsfizz'
        ➜ Explicit dependency on target 'absl_strings_internal' in project 'libsfizz'
        ➜ Explicit dependency on target 'absl_cord_internal' in project 'libsfizz'
        ➜ Explicit dependency on target 'absl_cordz_functions' in project 'libsfizz'
        ➜ Explicit dependency on target 'absl_cordz_handle' in project 'libsfizz'
        ➜ Explicit dependency on target 'absl_cordz_info' in project 'libsfizz'
        ➜ Explicit dependency on target 'absl_cord' in project 'libsfizz'
        ➜ Explicit dependency on target 'absl_graphcycles_internal' in project 'libsfizz'
        ➜ Explicit dependency on target 'absl_synchronization' in project 'libsfizz'
        ➜ Explicit dependency on target 'absl_time' in project 'libsfizz'
        ➜ Explicit dependency on target 'absl_civil_time' in project 'libsfizz'
        ➜ Explicit dependency on target 'absl_time_zone' in project 'libsfizz'
        ➜ Explicit dependency on target 'absl_bad_optional_access' in project 'libsfizz'
        ➜ Explicit dependency on target 'absl_bad_variant_access' in project 'libsfizz'
    Target 'st_audiofile' in project 'libsfizz'
        ➜ Explicit dependency on target 'st_audiofile_formats' in project 'libsfizz'
        ➜ Explicit dependency on target 'aiff' in project 'libsfizz'
        ➜ Explicit dependency on target 'wavpack' in project 'libsfizz'
    Target 'st_audiofile_formats' in project 'libsfizz'
        ➜ Explicit dependency on target 'aiff' in project 'libsfizz'
        ➜ Explicit dependency on target 'wavpack' in project 'libsfizz'
    Target 'wavpack' in project 'libsfizz' (no dependencies)
    Target 'aiff' in project 'libsfizz' (no dependencies)
    Target 'absl_cord' in project 'libsfizz'
        ➜ Explicit dependency on target 'absl_log_severity' in project 'libsfizz'
        ➜ Explicit dependency on target 'absl_raw_logging_internal' in project 'libsfizz'
        ➜ Explicit dependency on target 'absl_spinlock_wait' in project 'libsfizz'
        ➜ Explicit dependency on target 'absl_malloc_internal' in project 'libsfizz'
        ➜ Explicit dependency on target 'absl_base' in project 'libsfizz'
        ➜ Explicit dependency on target 'absl_throw_delegate' in project 'libsfizz'
        ➜ Explicit dependency on target 'absl_crc_cpu_detect' in project 'libsfizz'
        ➜ Explicit dependency on target 'absl_crc_internal' in project 'libsfizz'
        ➜ Explicit dependency on target 'absl_crc32c' in project 'libsfizz'
        ➜ Explicit dependency on target 'absl_crc_cord_state' in project 'libsfizz'
        ➜ Explicit dependency on target 'absl_stacktrace' in project 'libsfizz'
        ➜ Explicit dependency on target 'absl_symbolize' in project 'libsfizz'
        ➜ Explicit dependency on target 'absl_debugging_internal' in project 'libsfizz'
        ➜ Explicit dependency on target 'absl_demangle_internal' in project 'libsfizz'
        ➜ Explicit dependency on target 'absl_int128' in project 'libsfizz'
        ➜ Explicit dependency on target 'absl_exponential_biased' in project 'libsfizz'
        ➜ Explicit dependency on target 'absl_strings' in project 'libsfizz'
        ➜ Explicit dependency on target 'absl_strings_internal' in project 'libsfizz'
        ➜ Explicit dependency on target 'absl_cord_internal' in project 'libsfizz'
        ➜ Explicit dependency on target 'absl_cordz_functions' in project 'libsfizz'
        ➜ Explicit dependency on target 'absl_cordz_handle' in project 'libsfizz'
        ➜ Explicit dependency on target 'absl_cordz_info' in project 'libsfizz'
        ➜ Explicit dependency on target 'absl_graphcycles_internal' in project 'libsfizz'
        ➜ Explicit dependency on target 'absl_synchronization' in project 'libsfizz'
        ➜ Explicit dependency on target 'absl_time' in project 'libsfizz'
        ➜ Explicit dependency on target 'absl_civil_time' in project 'libsfizz'
        ➜ Explicit dependency on target 'absl_time_zone' in project 'libsfizz'
        ➜ Explicit dependency on target 'absl_bad_optional_access' in project 'libsfizz'
    Target 'absl_cordz_info' in project 'libsfizz'
        ➜ Explicit dependency on target 'absl_log_severity' in project 'libsfizz'
        ➜ Explicit dependency on target 'absl_raw_logging_internal' in project 'libsfizz'
        ➜ Explicit dependency on target 'absl_spinlock_wait' in project 'libsfizz'
        ➜ Explicit dependency on target 'absl_malloc_internal' in project 'libsfizz'
        ➜ Explicit dependency on target 'absl_base' in project 'libsfizz'
        ➜ Explicit dependency on target 'absl_throw_delegate' in project 'libsfizz'
        ➜ Explicit dependency on target 'absl_crc_cpu_detect' in project 'libsfizz'
        ➜ Explicit dependency on target 'absl_crc_internal' in project 'libsfizz'
        ➜ Explicit dependency on target 'absl_crc32c' in project 'libsfizz'
        ➜ Explicit dependency on target 'absl_crc_cord_state' in project 'libsfizz'
        ➜ Explicit dependency on target 'absl_stacktrace' in project 'libsfizz'
        ➜ Explicit dependency on target 'absl_symbolize' in project 'libsfizz'
        ➜ Explicit dependency on target 'absl_debugging_internal' in project 'libsfizz'
        ➜ Explicit dependency on target 'absl_demangle_internal' in project 'libsfizz'
        ➜ Explicit dependency on target 'absl_int128' in project 'libsfizz'
        ➜ Explicit dependency on target 'absl_exponential_biased' in project 'libsfizz'
        ➜ Explicit dependency on target 'absl_strings' in project 'libsfizz'
        ➜ Explicit dependency on target 'absl_strings_internal' in project 'libsfizz'
        ➜ Explicit dependency on target 'absl_cord_internal' in project 'libsfizz'
        ➜ Explicit dependency on target 'absl_cordz_functions' in project 'libsfizz'
        ➜ Explicit dependency on target 'absl_cordz_handle' in project 'libsfizz'
        ➜ Explicit dependency on target 'absl_graphcycles_internal' in project 'libsfizz'
        ➜ Explicit dependency on target 'absl_synchronization' in project 'libsfizz'
        ➜ Explicit dependency on target 'absl_time' in project 'libsfizz'
        ➜ Explicit dependency on target 'absl_civil_time' in project 'libsfizz'
        ➜ Explicit dependency on target 'absl_time_zone' in project 'libsfizz'
    Target 'absl_cordz_handle' in project 'libsfizz'
        ➜ Explicit dependency on target 'absl_log_severity' in project 'libsfizz'
        ➜ Explicit dependency on target 'absl_raw_logging_internal' in project 'libsfizz'
        ➜ Explicit dependency on target 'absl_spinlock_wait' in project 'libsfizz'
        ➜ Explicit dependency on target 'absl_malloc_internal' in project 'libsfizz'
        ➜ Explicit dependency on target 'absl_base' in project 'libsfizz'
        ➜ Explicit dependency on target 'absl_throw_delegate' in project 'libsfizz'
        ➜ Explicit dependency on target 'absl_stacktrace' in project 'libsfizz'
        ➜ Explicit dependency on target 'absl_symbolize' in project 'libsfizz'
        ➜ Explicit dependency on target 'absl_debugging_internal' in project 'libsfizz'
        ➜ Explicit dependency on target 'absl_demangle_internal' in project 'libsfizz'
        ➜ Explicit dependency on target 'absl_int128' in project 'libsfizz'
        ➜ Explicit dependency on target 'absl_strings' in project 'libsfizz'
        ➜ Explicit dependency on target 'absl_strings_internal' in project 'libsfizz'
        ➜ Explicit dependency on target 'absl_graphcycles_internal' in project 'libsfizz'
        ➜ Explicit dependency on target 'absl_synchronization' in project 'libsfizz'
        ➜ Explicit dependency on target 'absl_time' in project 'libsfizz'
        ➜ Explicit dependency on target 'absl_civil_time' in project 'libsfizz'
        ➜ Explicit dependency on target 'absl_time_zone' in project 'libsfizz'
    Target 'absl_cordz_functions' in project 'libsfizz'
        ➜ Explicit dependency on target 'absl_log_severity' in project 'libsfizz'
        ➜ Explicit dependency on target 'absl_raw_logging_internal' in project 'libsfizz'
        ➜ Explicit dependency on target 'absl_exponential_biased' in project 'libsfizz'
    Target 'absl_cord_internal' in project 'libsfizz'
        ➜ Explicit dependency on target 'absl_log_severity' in project 'libsfizz'
        ➜ Explicit dependency on target 'absl_raw_logging_internal' in project 'libsfizz'
        ➜ Explicit dependency on target 'absl_spinlock_wait' in project 'libsfizz'
        ➜ Explicit dependency on target 'absl_base' in project 'libsfizz'
        ➜ Explicit dependency on target 'absl_throw_delegate' in project 'libsfizz'
        ➜ Explicit dependency on target 'absl_crc_cpu_detect' in project 'libsfizz'
        ➜ Explicit dependency on target 'absl_crc_internal' in project 'libsfizz'
        ➜ Explicit dependency on target 'absl_crc32c' in project 'libsfizz'
        ➜ Explicit dependency on target 'absl_crc_cord_state' in project 'libsfizz'
        ➜ Explicit dependency on target 'absl_int128' in project 'libsfizz'
        ➜ Explicit dependency on target 'absl_strings' in project 'libsfizz'
        ➜ Explicit dependency on target 'absl_strings_internal' in project 'libsfizz'
    Target 'absl_hash' in project 'libsfizz'
        ➜ Explicit dependency on target 'absl_log_severity' in project 'libsfizz'
        ➜ Explicit dependency on target 'absl_raw_logging_internal' in project 'libsfizz'
        ➜ Explicit dependency on target 'absl_spinlock_wait' in project 'libsfizz'
        ➜ Explicit dependency on target 'absl_base' in project 'libsfizz'
        ➜ Explicit dependency on target 'absl_throw_delegate' in project 'libsfizz'
        ➜ Explicit dependency on target 'absl_city' in project 'libsfizz'
        ➜ Explicit dependency on target 'absl_low_level_hash' in project 'libsfizz'
        ➜ Explicit dependency on target 'absl_int128' in project 'libsfizz'
        ➜ Explicit dependency on target 'absl_strings' in project 'libsfizz'
        ➜ Explicit dependency on target 'absl_strings_internal' in project 'libsfizz'
        ➜ Explicit dependency on target 'absl_bad_optional_access' in project 'libsfizz'
        ➜ Explicit dependency on target 'absl_bad_variant_access' in project 'libsfizz'
    Target 'absl_bad_variant_access' in project 'libsfizz'
        ➜ Explicit dependency on target 'absl_log_severity' in project 'libsfizz'
        ➜ Explicit dependency on target 'absl_raw_logging_internal' in project 'libsfizz'
    Target 'absl_low_level_hash' in project 'libsfizz'
        ➜ Explicit dependency on target 'absl_log_severity' in project 'libsfizz'
        ➜ Explicit dependency on target 'absl_raw_logging_internal' in project 'libsfizz'
        ➜ Explicit dependency on target 'absl_spinlock_wait' in project 'libsfizz'
        ➜ Explicit dependency on target 'absl_base' in project 'libsfizz'
        ➜ Explicit dependency on target 'absl_int128' in project 'libsfizz'
    Target 'absl_city' in project 'libsfizz'
        ➜ Explicit dependency on target 'absl_log_severity' in project 'libsfizz'
        ➜ Explicit dependency on target 'absl_raw_logging_internal' in project 'libsfizz'
        ➜ Explicit dependency on target 'absl_spinlock_wait' in project 'libsfizz'
        ➜ Explicit dependency on target 'absl_base' in project 'libsfizz'
    Target 'absl_crc_cord_state' in project 'libsfizz'
        ➜ Explicit dependency on target 'absl_log_severity' in project 'libsfizz'
        ➜ Explicit dependency on target 'absl_raw_logging_internal' in project 'libsfizz'
        ➜ Explicit dependency on target 'absl_spinlock_wait' in project 'libsfizz'
        ➜ Explicit dependency on target 'absl_base' in project 'libsfizz'
        ➜ Explicit dependency on target 'absl_throw_delegate' in project 'libsfizz'
        ➜ Explicit dependency on target 'absl_crc_cpu_detect' in project 'libsfizz'
        ➜ Explicit dependency on target 'absl_crc_internal' in project 'libsfizz'
        ➜ Explicit dependency on target 'absl_crc32c' in project 'libsfizz'
        ➜ Explicit dependency on target 'absl_int128' in project 'libsfizz'
        ➜ Explicit dependency on target 'absl_strings' in project 'libsfizz'
        ➜ Explicit dependency on target 'absl_strings_internal' in project 'libsfizz'
    Target 'absl_crc32c' in project 'libsfizz'
        ➜ Explicit dependency on target 'absl_log_severity' in project 'libsfizz'
        ➜ Explicit dependency on target 'absl_raw_logging_internal' in project 'libsfizz'
        ➜ Explicit dependency on target 'absl_spinlock_wait' in project 'libsfizz'
        ➜ Explicit dependency on target 'absl_base' in project 'libsfizz'
        ➜ Explicit dependency on target 'absl_throw_delegate' in project 'libsfizz'
        ➜ Explicit dependency on target 'absl_crc_cpu_detect' in project 'libsfizz'
        ➜ Explicit dependency on target 'absl_crc_internal' in project 'libsfizz'
        ➜ Explicit dependency on target 'absl_int128' in project 'libsfizz'
        ➜ Explicit dependency on target 'absl_strings' in project 'libsfizz'
        ➜ Explicit dependency on target 'absl_strings_internal' in project 'libsfizz'
    Target 'absl_crc_internal' in project 'libsfizz'
        ➜ Explicit dependency on target 'absl_log_severity' in project 'libsfizz'
        ➜ Explicit dependency on target 'absl_raw_logging_internal' in project 'libsfizz'
        ➜ Explicit dependency on target 'absl_spinlock_wait' in project 'libsfizz'
        ➜ Explicit dependency on target 'absl_base' in project 'libsfizz'
        ➜ Explicit dependency on target 'absl_crc_cpu_detect' in project 'libsfizz'
    Target 'absl_crc_cpu_detect' in project 'libsfizz'
        ➜ Explicit dependency on target 'absl_log_severity' in project 'libsfizz'
        ➜ Explicit dependency on target 'absl_raw_logging_internal' in project 'libsfizz'
        ➜ Explicit dependency on target 'absl_spinlock_wait' in project 'libsfizz'
        ➜ Explicit dependency on target 'absl_base' in project 'libsfizz'
    Target 'absl_raw_hash_set' in project 'libsfizz'
        ➜ Explicit dependency on target 'absl_log_severity' in project 'libsfizz'
        ➜ Explicit dependency on target 'absl_raw_logging_internal' in project 'libsfizz'
        ➜ Explicit dependency on target 'absl_spinlock_wait' in project 'libsfizz'
        ➜ Explicit dependency on target 'absl_malloc_internal' in project 'libsfizz'
        ➜ Explicit dependency on target 'absl_base' in project 'libsfizz'
        ➜ Explicit dependency on target 'absl_throw_delegate' in project 'libsfizz'
        ➜ Explicit dependency on target 'absl_hashtablez_sampler' in project 'libsfizz'
        ➜ Explicit dependency on target 'absl_stacktrace' in project 'libsfizz'
        ➜ Explicit dependency on target 'absl_symbolize' in project 'libsfizz'
        ➜ Explicit dependency on target 'absl_debugging_internal' in project 'libsfizz'
        ➜ Explicit dependency on target 'absl_demangle_internal' in project 'libsfizz'
        ➜ Explicit dependency on target 'absl_int128' in project 'libsfizz'
        ➜ Explicit dependency on target 'absl_exponential_biased' in project 'libsfizz'
        ➜ Explicit dependency on target 'absl_strings' in project 'libsfizz'
        ➜ Explicit dependency on target 'absl_strings_internal' in project 'libsfizz'
        ➜ Explicit dependency on target 'absl_graphcycles_internal' in project 'libsfizz'
        ➜ Explicit dependency on target 'absl_synchronization' in project 'libsfizz'
        ➜ Explicit dependency on target 'absl_time' in project 'libsfizz'
        ➜ Explicit dependency on target 'absl_civil_time' in project 'libsfizz'
        ➜ Explicit dependency on target 'absl_time_zone' in project 'libsfizz'
        ➜ Explicit dependency on target 'absl_bad_optional_access' in project 'libsfizz'
    Target 'absl_bad_optional_access' in project 'libsfizz'
        ➜ Explicit dependency on target 'absl_log_severity' in project 'libsfizz'
        ➜ Explicit dependency on target 'absl_raw_logging_internal' in project 'libsfizz'
    Target 'absl_hashtablez_sampler' in project 'libsfizz'
        ➜ Explicit dependency on target 'absl_log_severity' in project 'libsfizz'
        ➜ Explicit dependency on target 'absl_raw_logging_internal' in project 'libsfizz'
        ➜ Explicit dependency on target 'absl_spinlock_wait' in project 'libsfizz'
        ➜ Explicit dependency on target 'absl_malloc_internal' in project 'libsfizz'
        ➜ Explicit dependency on target 'absl_base' in project 'libsfizz'
        ➜ Explicit dependency on target 'absl_throw_delegate' in project 'libsfizz'
        ➜ Explicit dependency on target 'absl_stacktrace' in project 'libsfizz'
        ➜ Explicit dependency on target 'absl_symbolize' in project 'libsfizz'
        ➜ Explicit dependency on target 'absl_debugging_internal' in project 'libsfizz'
        ➜ Explicit dependency on target 'absl_demangle_internal' in project 'libsfizz'
        ➜ Explicit dependency on target 'absl_int128' in project 'libsfizz'
        ➜ Explicit dependency on target 'absl_exponential_biased' in project 'libsfizz'
        ➜ Explicit dependency on target 'absl_strings' in project 'libsfizz'
        ➜ Explicit dependency on target 'absl_strings_internal' in project 'libsfizz'
        ➜ Explicit dependency on target 'absl_graphcycles_internal' in project 'libsfizz'
        ➜ Explicit dependency on target 'absl_synchronization' in project 'libsfizz'
        ➜ Explicit dependency on target 'absl_time' in project 'libsfizz'
        ➜ Explicit dependency on target 'absl_civil_time' in project 'libsfizz'
        ➜ Explicit dependency on target 'absl_time_zone' in project 'libsfizz'
    Target 'absl_synchronization' in project 'libsfizz'
        ➜ Explicit dependency on target 'absl_log_severity' in project 'libsfizz'
        ➜ Explicit dependency on target 'absl_raw_logging_internal' in project 'libsfizz'
        ➜ Explicit dependency on target 'absl_spinlock_wait' in project 'libsfizz'
        ➜ Explicit dependency on target 'absl_malloc_internal' in project 'libsfizz'
        ➜ Explicit dependency on target 'absl_base' in project 'libsfizz'
        ➜ Explicit dependency on target 'absl_throw_delegate' in project 'libsfizz'
        ➜ Explicit dependency on target 'absl_stacktrace' in project 'libsfizz'
        ➜ Explicit dependency on target 'absl_symbolize' in project 'libsfizz'
        ➜ Explicit dependency on target 'absl_debugging_internal' in project 'libsfizz'
        ➜ Explicit dependency on target 'absl_demangle_internal' in project 'libsfizz'
        ➜ Explicit dependency on target 'absl_int128' in project 'libsfizz'
        ➜ Explicit dependency on target 'absl_strings' in project 'libsfizz'
        ➜ Explicit dependency on target 'absl_strings_internal' in project 'libsfizz'
        ➜ Explicit dependency on target 'absl_graphcycles_internal' in project 'libsfizz'
        ➜ Explicit dependency on target 'absl_time' in project 'libsfizz'
        ➜ Explicit dependency on target 'absl_civil_time' in project 'libsfizz'
        ➜ Explicit dependency on target 'absl_time_zone' in project 'libsfizz'
    Target 'absl_time' in project 'libsfizz'
        ➜ Explicit dependency on target 'absl_log_severity' in project 'libsfizz'
        ➜ Explicit dependency on target 'absl_raw_logging_internal' in project 'libsfizz'
        ➜ Explicit dependency on target 'absl_spinlock_wait' in project 'libsfizz'
        ➜ Explicit dependency on target 'absl_base' in project 'libsfizz'
        ➜ Explicit dependency on target 'absl_throw_delegate' in project 'libsfizz'
        ➜ Explicit dependency on target 'absl_int128' in project 'libsfizz'
        ➜ Explicit dependency on target 'absl_strings' in project 'libsfizz'
        ➜ Explicit dependency on target 'absl_strings_internal' in project 'libsfizz'
        ➜ Explicit dependency on target 'absl_civil_time' in project 'libsfizz'
        ➜ Explicit dependency on target 'absl_time_zone' in project 'libsfizz'
    Target 'absl_time_zone' in project 'libsfizz' (no dependencies)
    Target 'absl_civil_time' in project 'libsfizz' (no dependencies)
    Target 'absl_graphcycles_internal' in project 'libsfizz'
        ➜ Explicit dependency on target 'absl_log_severity' in project 'libsfizz'
        ➜ Explicit dependency on target 'absl_raw_logging_internal' in project 'libsfizz'
        ➜ Explicit dependency on target 'absl_spinlock_wait' in project 'libsfizz'
        ➜ Explicit dependency on target 'absl_malloc_internal' in project 'libsfizz'
        ➜ Explicit dependency on target 'absl_base' in project 'libsfizz'
    Target 'absl_exponential_biased' in project 'libsfizz' (no dependencies)
    Target 'absl_symbolize' in project 'libsfizz'
        ➜ Explicit dependency on target 'absl_log_severity' in project 'libsfizz'
        ➜ Explicit dependency on target 'absl_raw_logging_internal' in project 'libsfizz'
        ➜ Explicit dependency on target 'absl_spinlock_wait' in project 'libsfizz'
        ➜ Explicit dependency on target 'absl_malloc_internal' in project 'libsfizz'
        ➜ Explicit dependency on target 'absl_base' in project 'libsfizz'
        ➜ Explicit dependency on target 'absl_throw_delegate' in project 'libsfizz'
        ➜ Explicit dependency on target 'absl_debugging_internal' in project 'libsfizz'
        ➜ Explicit dependency on target 'absl_demangle_internal' in project 'libsfizz'
        ➜ Explicit dependency on target 'absl_int128' in project 'libsfizz'
        ➜ Explicit dependency on target 'absl_strings' in project 'libsfizz'
        ➜ Explicit dependency on target 'absl_strings_internal' in project 'libsfizz'
    Target 'absl_strings' in project 'libsfizz'
        ➜ Explicit dependency on target 'absl_log_severity' in project 'libsfizz'
        ➜ Explicit dependency on target 'absl_raw_logging_internal' in project 'libsfizz'
        ➜ Explicit dependency on target 'absl_spinlock_wait' in project 'libsfizz'
        ➜ Explicit dependency on target 'absl_base' in project 'libsfizz'
        ➜ Explicit dependency on target 'absl_throw_delegate' in project 'libsfizz'
        ➜ Explicit dependency on target 'absl_int128' in project 'libsfizz'
        ➜ Explicit dependency on target 'absl_strings_internal' in project 'libsfizz'
    Target 'absl_strings_internal' in project 'libsfizz'
        ➜ Explicit dependency on target 'absl_log_severity' in project 'libsfizz'
        ➜ Explicit dependency on target 'absl_raw_logging_internal' in project 'libsfizz'
        ➜ Explicit dependency on target 'absl_spinlock_wait' in project 'libsfizz'
        ➜ Explicit dependency on target 'absl_base' in project 'libsfizz'
    Target 'absl_int128' in project 'libsfizz' (no dependencies)
    Target 'absl_demangle_internal' in project 'libsfizz'
        ➜ Explicit dependency on target 'absl_log_severity' in project 'libsfizz'
        ➜ Explicit dependency on target 'absl_raw_logging_internal' in project 'libsfizz'
        ➜ Explicit dependency on target 'absl_spinlock_wait' in project 'libsfizz'
        ➜ Explicit dependency on target 'absl_base' in project 'libsfizz'
    Target 'absl_stacktrace' in project 'libsfizz'
        ➜ Explicit dependency on target 'absl_log_severity' in project 'libsfizz'
        ➜ Explicit dependency on target 'absl_raw_logging_internal' in project 'libsfizz'
        ➜ Explicit dependency on target 'absl_debugging_internal' in project 'libsfizz'
    Target 'absl_debugging_internal' in project 'libsfizz'
        ➜ Explicit dependency on target 'absl_log_severity' in project 'libsfizz'
        ➜ Explicit dependency on target 'absl_raw_logging_internal' in project 'libsfizz'
    Target 'absl_throw_delegate' in project 'libsfizz'
        ➜ Explicit dependency on target 'absl_log_severity' in project 'libsfizz'
        ➜ Explicit dependency on target 'absl_raw_logging_internal' in project 'libsfizz'
    Target 'absl_malloc_internal' in project 'libsfizz'
        ➜ Explicit dependency on target 'absl_log_severity' in project 'libsfizz'
        ➜ Explicit dependency on target 'absl_raw_logging_internal' in project 'libsfizz'
        ➜ Explicit dependency on target 'absl_spinlock_wait' in project 'libsfizz'
        ➜ Explicit dependency on target 'absl_base' in project 'libsfizz'
    Target 'absl_base' in project 'libsfizz'
        ➜ Explicit dependency on target 'absl_log_severity' in project 'libsfizz'
        ➜ Explicit dependency on target 'absl_raw_logging_internal' in project 'libsfizz'
        ➜ Explicit dependency on target 'absl_spinlock_wait' in project 'libsfizz'
    Target 'absl_spinlock_wait' in project 'libsfizz' (no dependencies)
    Target 'absl_raw_logging_internal' in project 'libsfizz'
        ➜ Explicit dependency on target 'absl_log_severity' in project 'libsfizz'
    Target 'absl_log_severity' in project 'libsfizz' (no dependencies)
    Target 'sfizz_filesystem_impl' in project 'libsfizz'
        ➜ Explicit dependency on target 'ZERO_CHECK' in project 'libsfizz'
    Target 'sfizz_cpuid' in project 'libsfizz'
        ➜ Explicit dependency on target 'ZERO_CHECK' in project 'libsfizz'
    Target 'sfizz_cephes' in project 'libsfizz'
        ➜ Explicit dependency on target 'ZERO_CHECK' in project 'libsfizz'
    Target 'sfizz_kissfft' in project 'libsfizz'
        ➜ Explicit dependency on target 'ZERO_CHECK' in project 'libsfizz'
    Target 'sfizz_tunings' in project 'libsfizz'
        ➜ Explicit dependency on target 'ZERO_CHECK' in project 'libsfizz'
    Target 'sfizz_spline' in project 'libsfizz'
        ➜ Explicit dependency on target 'ZERO_CHECK' in project 'libsfizz'
    Target 'sfizz_pugixml' in project 'libsfizz'
        ➜ Explicit dependency on target 'ZERO_CHECK' in project 'libsfizz'
    Target 'ZERO_CHECK' in project 'libsfizz' (no dependencies)

GatherProvisioningInputs

CreateBuildDescription

ExecuteExternalTool /Applications/Xcode.app/Contents/Developer/Toolchains/XcodeDefault.xctoolchain/usr/bin/clang -v -E -dM -arch arm64 -isysroot /Applications/Xcode.app/Contents/Developer/Platforms/iPhoneOS.platform/Developer/SDKs/iPhoneOS18.4.sdk -x c++ -c /dev/null

ExecuteExternalTool /Applications/Xcode.app/Contents/Developer/Toolchains/XcodeDefault.xctoolchain/usr/bin/clang -v -E -dM -arch arm64 -isysroot /Applications/Xcode.app/Contents/Developer/Platforms/iPhoneOS.platform/Developer/SDKs/iPhoneOS18.4.sdk -x c -c /dev/null

ExecuteExternalTool /Applications/Xcode.app/Contents/Developer/Toolchains/XcodeDefault.xctoolchain/usr/bin/clang -v -E -dM -isysroot /Applications/Xcode.app/Contents/Developer/Platforms/iPhoneOS.platform/Developer/SDKs/iPhoneOS18.4.sdk -x c -c /dev/null

ExecuteExternalTool /Applications/Xcode.app/Contents/Developer/Toolchains/XcodeDefault.xctoolchain/usr/bin/libtool -V

Build description signature: 094fbe7d54dc79914f08444afaeea7c7
Build description path: /Users/rbsou/Documents/CODE/FLUTTER/flutter_sequencer_plus/ios/third_party/sfizz/build/build/XCBuildData/094fbe7d54dc79914f08444afaeea7c7.xcbuilddata
ClangStatCache /Applications/Xcode.app/Contents/Developer/Toolchains/XcodeDefault.xctoolchain/usr/bin/clang-stat-cache /Applications/Xcode.app/Contents/Developer/Platforms/iPhoneOS.platform/Developer/SDKs/iPhoneOS18.4.sdk /var/folders/hm/stpy22mn78n866gmvf98qvgc0000gn/C/com.apple.DeveloperTools/16.3-16E140/Xcode/SDKStatCaches.noindex/iphoneos18.4-22E235-a09501eccf75f892bc376f81961b27ba.sdkstatcache
    cd /Users/rbsou/Documents/CODE/FLUTTER/flutter_sequencer_plus/ios/third_party/sfizz/build/libsfizz.xcodeproj
    /Applications/Xcode.app/Contents/Developer/Toolchains/XcodeDefault.xctoolchain/usr/bin/clang-stat-cache /Applications/Xcode.app/Contents/Developer/Platforms/iPhoneOS.platform/Developer/SDKs/iPhoneOS18.4.sdk -o /var/folders/hm/stpy22mn78n866gmvf98qvgc0000gn/C/com.apple.DeveloperTools/16.3-16E140/Xcode/SDKStatCaches.noindex/iphoneos18.4-22E235-a09501eccf75f892bc376f81961b27ba.sdkstatcache

PhaseScriptExecution Generate\ CMakeFiles/ZERO_CHECK /Users/rbsou/Documents/CODE/FLUTTER/flutter_sequencer_plus/ios/third_party/sfizz/build/build/libsfizz.build/Release-iphoneos/ZERO_CHECK.build/Script-EBD3AEBD8D08F61F05D02D6E.sh (in target 'ZERO_CHECK' from project 'libsfizz')
    cd /Users/rbsou/Documents/CODE/flutter/flutter_sequencer_plus/ios/third_party/sfizz
    /bin/sh -c /Users/rbsou/Documents/CODE/FLUTTER/flutter_sequencer_plus/ios/third_party/sfizz/build/build/libsfizz.build/Release-iphoneos/ZERO_CHECK.build/Script-EBD3AEBD8D08F61F05D02D6E.sh
make: `/Users/rbsou/Documents/CODE/FLUTTER/flutter_sequencer_plus/ios/third_party/sfizz/build/CMakeFiles/cmake.check_cache' is up to date.

CompileC /Users/rbsou/Documents/CODE/FLUTTER/flutter_sequencer_plus/ios/third_party/sfizz/build/build/st_audiofile_formats.build/Release-iphoneos/Objects-normal/arm64/st_audiofile_libs.o /Users/rbsou/Documents/CODE/flutter/flutter_sequencer_plus/ios/third_party/sfizz/external/st_audiofile/src/st_audiofile_libs.c normal arm64 c com.apple.compilers.llvm.clang.1_0.compiler (in target 'st_audiofile_formats' from project 'libsfizz')
    cd /Users/rbsou/Documents/CODE/flutter/flutter_sequencer_plus/ios/third_party/sfizz
    
    Using response file: /Users/rbsou/Documents/CODE/FLUTTER/flutter_sequencer_plus/ios/third_party/sfizz/build/build/st_audiofile_formats.build/Release-iphoneos/Objects-normal/arm64/7187679823f38a2a940e0043cdf9d637-common-args.resp
    
    /Applications/Xcode.app/Contents/Developer/Toolchains/XcodeDefault.xctoolchain/usr/bin/clang -x c -ivfsstatcache /var/folders/hm/stpy22mn78n866gmvf98qvgc0000gn/C/com.apple.DeveloperTools/16.3-16E140/Xcode/SDKStatCaches.noindex/iphoneos18.4-22E235-a09501eccf75f892bc376f81961b27ba.sdkstatcache -fmessage-length\=0 -fdiagnostics-show-note-include-stack -fmacro-backtrace-limit\=0 -fno-color-diagnostics -Wno-trigraphs -Wno-missing-field-initializers -Wno-missing-prototypes -Wno-return-type -Wno-missing-braces -Wparentheses -Wswitch -Wno-unused-function -Wno-unused-label -Wno-unused-parameter -Wno-unused-variable -Wunused-value -Wno-empty-body -Wno-uninitialized -Wno-unknown-pragmas -Wno-shadow -Wno-four-char-constants -Wno-conversion -Wno-constant-conversion -Wno-int-conversion -Wno-bool-conversion -Wno-enum-conversion -Wno-float-conversion -Wno-non-literal-null-conversion -Wno-objc-literal-conversion -Wshorten-64-to-32 -Wpointer-sign -Wno-newline-eof -Wno-implicit-fallthrough -fstrict-aliasing -Wdeprecated-declarations -Wno-sign-conversion -Wno-infinite-recursion -Wno-comma -Wno-block-capture-autoreleasing -Wno-strict-prototypes -Wno-semicolon-before-method-body -Wall -Wextra -Wno-multichar -Werror\=return-type @/Users/rbsou/Documents/CODE/FLUTTER/flutter_sequencer_plus/ios/third_party/sfizz/build/build/st_audiofile_formats.build/Release-iphoneos/Objects-normal/arm64/7187679823f38a2a940e0043cdf9d637-common-args.resp -MMD -MT dependencies -MF /Users/rbsou/Documents/CODE/FLUTTER/flutter_sequencer_plus/ios/third_party/sfizz/build/build/st_audiofile_formats.build/Release-iphoneos/Objects-normal/arm64/st_audiofile_libs.d --serialize-diagnostics /Users/rbsou/Documents/CODE/FLUTTER/flutter_sequencer_plus/ios/third_party/sfizz/build/build/st_audiofile_formats.build/Release-iphoneos/Objects-normal/arm64/st_audiofile_libs.dia -c /Users/rbsou/Documents/CODE/flutter/flutter_sequencer_plus/ios/third_party/sfizz/external/st_audiofile/src/st_audiofile_libs.c -o /Users/rbsou/Documents/CODE/FLUTTER/flutter_sequencer_plus/ios/third_party/sfizz/build/build/st_audiofile_formats.build/Release-iphoneos/Objects-normal/arm64/st_audiofile_libs.o
clang: warning: argument unused during compilation: '-stdlib=libc++' [-Wunused-command-line-argument]

CompileC /Users/rbsou/Documents/CODE/FLUTTER/flutter_sequencer_plus/ios/third_party/sfizz/build/build/aiff.build/Release-iphoneos/Objects-normal/arm64/libaiff.all.o /Users/rbsou/Documents/CODE/flutter/flutter_sequencer_plus/ios/third_party/sfizz/external/st_audiofile/thirdparty/libaiff/libaiff.all.c normal arm64 c com.apple.compilers.llvm.clang.1_0.compiler (in target 'aiff' from project 'libsfizz')
    cd /Users/rbsou/Documents/CODE/flutter/flutter_sequencer_plus/ios/third_party/sfizz
    
    Using response file: /Users/rbsou/Documents/CODE/FLUTTER/flutter_sequencer_plus/ios/third_party/sfizz/build/build/aiff.build/Release-iphoneos/Objects-normal/arm64/7187679823f38a2a940e0043cdf9d637-common-args.resp
    
    /Applications/Xcode.app/Contents/Developer/Toolchains/XcodeDefault.xctoolchain/usr/bin/clang -x c -ivfsstatcache /var/folders/hm/stpy22mn78n866gmvf98qvgc0000gn/C/com.apple.DeveloperTools/16.3-16E140/Xcode/SDKStatCaches.noindex/iphoneos18.4-22E235-a09501eccf75f892bc376f81961b27ba.sdkstatcache -fmessage-length\=0 -fdiagnostics-show-note-include-stack -fmacro-backtrace-limit\=0 -fno-color-diagnostics -Wno-trigraphs -Wno-missing-field-initializers -Wno-missing-prototypes -Wno-return-type -Wno-missing-braces -Wparentheses -Wswitch -Wno-unused-function -Wno-unused-label -Wno-unused-parameter -Wno-unused-variable -Wunused-value -Wno-empty-body -Wno-uninitialized -Wno-unknown-pragmas -Wno-shadow -Wno-four-char-constants -Wno-conversion -Wno-constant-conversion -Wno-int-conversion -Wno-bool-conversion -Wno-enum-conversion -Wno-float-conversion -Wno-non-literal-null-conversion -Wno-objc-literal-conversion -Wshorten-64-to-32 -Wpointer-sign -Wno-newline-eof -Wno-implicit-fallthrough -fstrict-aliasing -Wdeprecated-declarations -Wno-sign-conversion -Wno-infinite-recursion -Wno-comma -Wno-block-capture-autoreleasing -Wno-strict-prototypes -Wno-semicolon-before-method-body -Wall -Wextra -Wno-multichar -Werror\=return-type @/Users/rbsou/Documents/CODE/FLUTTER/flutter_sequencer_plus/ios/third_party/sfizz/build/build/aiff.build/Release-iphoneos/Objects-normal/arm64/7187679823f38a2a940e0043cdf9d637-common-args.resp -MMD -MT dependencies -MF /Users/rbsou/Documents/CODE/FLUTTER/flutter_sequencer_plus/ios/third_party/sfizz/build/build/aiff.build/Release-iphoneos/Objects-normal/arm64/libaiff.all.d --serialize-diagnostics /Users/rbsou/Documents/CODE/FLUTTER/flutter_sequencer_plus/ios/third_party/sfizz/build/build/aiff.build/Release-iphoneos/Objects-normal/arm64/libaiff.all.dia -c /Users/rbsou/Documents/CODE/flutter/flutter_sequencer_plus/ios/third_party/sfizz/external/st_audiofile/thirdparty/libaiff/libaiff.all.c -o /Users/rbsou/Documents/CODE/FLUTTER/flutter_sequencer_plus/ios/third_party/sfizz/build/build/aiff.build/Release-iphoneos/Objects-normal/arm64/libaiff.all.o
clang: warning: argument unused during compilation: '-stdlib=libc++' [-Wunused-command-line-argument]
In file included from /Users/rbsou/Documents/CODE/flutter/flutter_sequencer_plus/ios/third_party/sfizz/external/st_audiofile/thirdparty/libaiff/libaiff.all.c:3:
/Users/rbsou/Documents/CODE/flutter/flutter_sequencer_plus/ios/third_party/sfizz/external/st_audiofile/thirdparty/libaiff/iff.c:143:17: warning: implicit conversion loses integer precision: 'unsigned long' to 'uint32_t' (aka 'unsigned int') [-Wshorten-64-to-32]
  143 |         uint32_t len = strlen(str);
      |                  ~~~   ^~~~~~~~~~~
In file included from /Users/rbsou/Documents/CODE/flutter/flutter_sequencer_plus/ios/third_party/sfizz/external/st_audiofile/thirdparty/libaiff/libaiff.all.c:4:
/Users/rbsou/Documents/CODE/flutter/flutter_sequencer_plus/ios/third_party/sfizz/external/st_audiofile/thirdparty/libaiff/aifx.c:234:9: warning: implicit conversion loses integer precision: 'uint64_t' (aka 'unsigned long long') to 'uint32_t' (aka 'unsigned int') [-Wshorten-64-to-32]
  234 |                 pos = p;
      |                     ~ ^
In file included from /Users/rbsou/Documents/CODE/flutter/flutter_sequencer_plus/ios/third_party/sfizz/external/st_audiofile/thirdparty/libaiff/libaiff.all.c:5:
/Users/rbsou/Documents/CODE/flutter/flutter_sequencer_plus/ios/third_party/sfizz/external/st_audiofile/thirdparty/libaiff/lpcm.c:117:6: warning: implicit conversion loses integer precision: 'size_t' (aka 'unsigned long') to 'int' [-Wshorten-64-to-32]
  117 |         n = len;
      |           ~ ^~~
/Users/rbsou/Documents/CODE/flutter/flutter_sequencer_plus/ios/third_party/sfizz/external/st_audiofile/thirdparty/libaiff/lpcm.c:241:41: warning: implicit conversion loses integer precision: 'size_t' (aka 'unsigned long') to 'unsigned int' [-Wshorten-64-to-32]
  241 |         buf = AIFFBufAllocate(r, kAIFFBufConv, bytesToRead);
      |               ~~~~~~~~~~~~~~~                  ^~~~~~~~~~~
/Users/rbsou/Documents/CODE/flutter/flutter_sequencer_plus/ios/third_party/sfizz/external/st_audiofile/thirdparty/libaiff/lpcm.c:271:49: warning: implicit conversion loses integer precision: 'size_t' (aka 'unsigned long') to 'unsigned int' [-Wshorten-64-to-32]
  271 |                 if ((buffer = AIFFBufAllocate(w, kAIFFBufExt, len)) == NULL)
      |                               ~~~~~~~~~~~~~~~                 ^~~
/Users/rbsou/Documents/CODE/flutter/flutter_sequencer_plus/ios/third_party/sfizz/external/st_audiofile/thirdparty/libaiff/lpcm.c:277:63: warning: implicit conversion loses integer precision: 'size_t' (aka 'unsigned long') to 'int' [-Wshorten-64-to-32]
  277 |         lpcm_swap_samples(w->segmentSize, w->flags, samples, buffer, n);
      |         ~~~~~~~~~~~~~~~~~                                            ^
In file included from /Users/rbsou/Documents/CODE/flutter/flutter_sequencer_plus/ios/third_party/sfizz/external/st_audiofile/thirdparty/libaiff/libaiff.all.c:6:
/Users/rbsou/Documents/CODE/flutter/flutter_sequencer_plus/ios/third_party/sfizz/external/st_audiofile/thirdparty/libaiff/g711.c:178:41: warning: implicit conversion loses integer precision: 'size_t' (aka 'unsigned long') to 'unsigned int' [-Wshorten-64-to-32]
  178 |         buf = AIFFBufAllocate(r, kAIFFBufConv, bytesToRead);
      |               ~~~~~~~~~~~~~~~                  ^~~~~~~~~~~
/Users/rbsou/Documents/CODE/flutter/flutter_sequencer_plus/ios/third_party/sfizz/external/st_audiofile/thirdparty/libaiff/g711.c:230:41: warning: implicit conversion loses integer precision: 'size_t' (aka 'unsigned long') to 'unsigned int' [-Wshorten-64-to-32]
  230 |         buf = AIFFBufAllocate(r, kAIFFBufConv, bytesToRead);
      |               ~~~~~~~~~~~~~~~                  ^~~~~~~~~~~
/Users/rbsou/Documents/CODE/flutter/flutter_sequencer_plus/ios/third_party/sfizz/external/st_audiofile/thirdparty/libaiff/g711.c:246:9: warning: implicit conversion loses integer precision: 'size_t' (aka 'unsigned long') to 'int' [-Wshorten-64-to-32]
  246 |         return bytesRead;       /* = framesRead */
      |         ~~~~~~ ^~~~~~~~~
/Users/rbsou/Documents/CODE/flutter/flutter_sequencer_plus/ios/third_party/sfizz/external/st_audiofile/thirdparty/libaiff/g711.c:260:18: warning: implicit conversion loses integer precision: 'size_t' (aka 'unsigned long') to 'int' [-Wshorten-64-to-32]
  260 |         n = ilen >> 1;
      |           ~ ~~~~~^~~~
In file included from /Users/rbsou/Documents/CODE/flutter/flutter_sequencer_plus/ios/third_party/sfizz/external/st_audiofile/thirdparty/libaiff/libaiff.all.c:7:
/Users/rbsou/Documents/CODE/flutter/flutter_sequencer_plus/ios/third_party/sfizz/external/st_audiofile/thirdparty/libaiff/float32.c:143:10: warning: implicit conversion loses integer precision: 'size_t' (aka 'unsigned long') to 'int' [-Wshorten-64-to-32]
  143 |         n = len >> 2;
      |           ~ ~~~~^~~~
/Users/rbsou/Documents/CODE/flutter/flutter_sequencer_plus/ios/third_party/sfizz/external/st_audiofile/thirdparty/libaiff/float32.c:150:54: warning: implicit conversion loses integer precision: 'size_t' (aka 'unsigned long') to 'unsigned int' [-Wshorten-64-to-32]
  150 |             NULL == (buf = AIFFBufAllocate(r, kAIFFBufConv, bytesToRead)))
      |                            ~~~~~~~~~~~~~~~                  ^~~~~~~~~~~
In file included from /Users/rbsou/Documents/CODE/flutter/flutter_sequencer_plus/ios/third_party/sfizz/external/st_audiofile/thirdparty/libaiff/libaiff.all.c:8:
/Users/rbsou/Documents/CODE/flutter/flutter_sequencer_plus/ios/third_party/sfizz/external/st_audiofile/thirdparty/libaiff/libaiff.c:358:44: warning: implicit conversion loses integer precision: 'unsigned long' to 'int' [-Wshorten-64-to-32]
  358 |                 return AIFF_ReadSamples(r, samples, len) / sizeof(int16_t);
      |                 ~~~~~~ ~~~~~~~~~~~~~~~~~~~~~~~~~~~~~~~~~~^~~~~~~~~~~~~~~~~
/Users/rbsou/Documents/CODE/flutter/flutter_sequencer_plus/ios/third_party/sfizz/external/st_audiofile/thirdparty/libaiff/libaiff.c:365:6: warning: implicit conversion loses integer precision: 'size_t' (aka 'unsigned long') to 'int' [-Wshorten-64-to-32]
  365 |         h = AIFF_ReadSamples(r, buf, len);
      |           ~ ^~~~~~~~~~~~~~~~~~~~~~~~~~~~~
/Users/rbsou/Documents/CODE/flutter/flutter_sequencer_plus/ios/third_party/sfizz/external/st_audiofile/thirdparty/libaiff/libaiff.c:431:44: warning: implicit conversion loses integer precision: 'unsigned long' to 'int' [-Wshorten-64-to-32]
  431 |                 return AIFF_ReadSamples(r, samples, len) / sizeof(int32_t);
      |                 ~~~~~~ ~~~~~~~~~~~~~~~~~~~~~~~~~~~~~~~~~~^~~~~~~~~~~~~~~~~
/Users/rbsou/Documents/CODE/flutter/flutter_sequencer_plus/ios/third_party/sfizz/external/st_audiofile/thirdparty/libaiff/libaiff.c:438:6: warning: implicit conversion loses integer precision: 'size_t' (aka 'unsigned long') to 'int' [-Wshorten-64-to-32]
  438 |         h = AIFF_ReadSamples(r, buf, len);
      |           ~ ^~~~~~~~~~~~~~~~~~~~~~~~~~~~~
/Users/rbsou/Documents/CODE/flutter/flutter_sequencer_plus/ios/third_party/sfizz/external/st_audiofile/thirdparty/libaiff/libaiff.c:891:18: warning: implicit conversion loses integer precision: 'uint64_t' (aka 'unsigned long long') to 'uint32_t' (aka 'unsigned int') [-Wshorten-64-to-32]
  891 |         curpos = w->len + 8;
      |                ~ ~~~~~~~^~~
/Users/rbsou/Documents/CODE/flutter/flutter_sequencer_plus/ios/third_party/sfizz/external/st_audiofile/thirdparty/libaiff/libaiff.c:895:27: warning: implicit conversion loses integer precision: 'uint64_t' (aka 'unsigned long long') to 'uint32_t' (aka 'unsigned int') [-Wshorten-64-to-32]
  895 |         chk.len = w->sampleBytes + sizeof(SoundChunk);
      |                 ~ ~~~~~~~~~~~~~~~^~~~~~~~~~~~~~~~~~~~
/Users/rbsou/Documents/CODE/flutter/flutter_sequencer_plus/ios/third_party/sfizz/external/st_audiofile/thirdparty/libaiff/libaiff.c:903:32: warning: implicit conversion loses integer precision: 'uint64_t' (aka 'unsigned long long') to 'uint32_t' (aka 'unsigned int') [-Wshorten-64-to-32]
  903 |         numSampleFrames = w->nSamples / w->nChannels;
      |                         ~ ~~~~~~~~~~~~^~~~~~~~~~~~~~
/Users/rbsou/Documents/CODE/flutter/flutter_sequencer_plus/ios/third_party/sfizz/external/st_audiofile/thirdparty/libaiff/libaiff.c:1004:18: warning: implicit conversion loses integer precision: 'uint64_t' (aka 'unsigned long long') to 'uint32_t' (aka 'unsigned int') [-Wshorten-64-to-32]
 1004 |         curpos = w->len + 8;
      |                ~ ~~~~~~~^~~
/Users/rbsou/Documents/CODE/flutter/flutter_sequencer_plus/ios/third_party/sfizz/external/st_audiofile/thirdparty/libaiff/libaiff.c:1005:17: warning: implicit conversion loses integer precision: 'uint64_t' (aka 'unsigned long long') to 'uint32_t' (aka 'unsigned int') [-Wshorten-64-to-32]
 1005 |         cklen = w->len - w->markerOffset;
      |               ~ ~~~~~~~^~~~~~~~~~~~~~~~~
/Users/rbsou/Documents/CODE/flutter/flutter_sequencer_plus/ios/third_party/sfizz/external/st_audiofile/thirdparty/libaiff/libaiff.c:1043:15: warning: implicit conversion loses integer precision: 'uint64_t' (aka 'unsigned long long') to 'uint32_t' (aka 'unsigned int') [-Wshorten-64-to-32]
 1043 |         hdr.len = w->len;
      |                 ~ ~~~^~~
In file included from /Users/rbsou/Documents/CODE/flutter/flutter_sequencer_plus/ios/third_party/sfizz/external/st_audiofile/thirdparty/libaiff/libaiff.all.c:10:
/Users/rbsou/Documents/CODE/flutter/flutter_sequencer_plus/ios/third_party/sfizz/external/st_audiofile/thirdparty/libaiff/pascal.c:67:12: warning: implicit conversion loses integer precision: 'unsigned long' to 'int' [-Wshorten-64-to-32]
   67 |         if ((fr = fread(str, 1, l, fd)) != l) {
      |                 ~ ^~~~~~~~~~~~~~~~~~~~
/Users/rbsou/Documents/CODE/flutter/flutter_sequencer_plus/ios/third_party/sfizz/external/st_audiofile/thirdparty/libaiff/pascal.c:89:10: warning: implicit conversion loses integer precision: 'unsigned long' to 'int' [-Wshorten-64-to-32]
   89 |         int l = strlen(str);
      |             ~   ^~~~~~~~~~~
/Users/rbsou/Documents/CODE/flutter/flutter_sequencer_plus/ios/third_party/sfizz/external/st_audiofile/thirdparty/libaiff/pascal.c:101:10: warning: implicit conversion loses integer precision: 'unsigned long' to 'int' [-Wshorten-64-to-32]
  101 |         int l = strlen(str), w;
      |             ~   ^~~~~~~~~~~
25 warnings generated.

CompileC /Users/rbsou/Documents/CODE/FLUTTER/flutter_sequencer_plus/ios/third_party/sfizz/build/build/absl_time_zone.build/Release-iphoneos/Objects-normal/arm64/zone_info_source.o /Users/rbsou/Documents/CODE/flutter/flutter_sequencer_plus/ios/third_party/sfizz/external/abseil-cpp/absl/time/internal/cctz/src/zone_info_source.cc normal arm64 c++ com.apple.compilers.llvm.clang.1_0.compiler (in target 'absl_time_zone' from project 'libsfizz')
    cd /Users/rbsou/Documents/CODE/flutter/flutter_sequencer_plus/ios/third_party/sfizz
    
    Using response file: /Users/rbsou/Documents/CODE/FLUTTER/flutter_sequencer_plus/ios/third_party/sfizz/build/build/absl_time_zone.build/Release-iphoneos/Objects-normal/arm64/82b82416624d2658e5098eb0a28c15c5-common-args.resp
    
    /Applications/Xcode.app/Contents/Developer/Toolchains/XcodeDefault.xctoolchain/usr/bin/clang -x c++ -ivfsstatcache /var/folders/hm/stpy22mn78n866gmvf98qvgc0000gn/C/com.apple.DeveloperTools/16.3-16E140/Xcode/SDKStatCaches.noindex/iphoneos18.4-22E235-a09501eccf75f892bc376f81961b27ba.sdkstatcache -fmessage-length\=0 -fdiagnostics-show-note-include-stack -fmacro-backtrace-limit\=0 -fno-color-diagnostics -Wno-trigraphs -Wno-missing-field-initializers -Wno-missing-prototypes -Wno-return-type -Wno-non-virtual-dtor -Wno-overloaded-virtual -Wno-exit-time-destructors -Wno-missing-braces -Wparentheses -Wswitch -Wno-unused-function -Wno-unused-label -Wno-unused-parameter -Wno-unused-variable -Wunused-value -Wno-empty-body -Wno-uninitialized -Wno-unknown-pragmas -Wno-shadow -Wno-four-char-constants -Wno-conversion -Wno-constant-conversion -Wno-int-conversion -Wno-bool-conversion -Wno-enum-conversion -Wno-float-conversion -Wno-non-literal-null-conversion -Wno-objc-literal-conversion -Wshorten-64-to-32 -Wno-newline-eof -Wno-c++11-extensions -Wno-implicit-fallthrough -fstrict-aliasing -Wdeprecated-declarations -Winvalid-offsetof -Wno-sign-conversion -Wno-infinite-recursion -Wno-move -Wno-comma -Wno-block-capture-autoreleasing -Wno-strict-prototypes -Wno-range-loop-analysis -Wno-semicolon-before-method-body -Wall -Wextra -Wno-multichar -Werror\=return-type -Wcast-qual -Wconversion -Wfloat-overflow-conversion -Wfloat-zero-conversion -Wfor-loop-analysis -Wformat-security -Wgnu-redeclared-enum -Winfinite-recursion -Winvalid-constexpr -Wliteral-conversion -Wmissing-declarations -Woverlength-strings -Wpointer-arith -Wself-assign -Wshadow-all -Wshorten-64-to-32 -Wsign-conversion -Wstring-conversion -Wtautological-overlap-compare -Wtautological-unsigned-zero-compare -Wundef -Wuninitialized -Wunreachable-code -Wunused-comparison -Wunused-local-typedefs -Wunused-result -Wvla -Wwrite-strings -Wno-float-conversion -Wno-implicit-float-conversion -Wno-implicit-int-float-conversion -Wno-unknown-warning-option @/Users/rbsou/Documents/CODE/FLUTTER/flutter_sequencer_plus/ios/third_party/sfizz/build/build/absl_time_zone.build/Release-iphoneos/Objects-normal/arm64/82b82416624d2658e5098eb0a28c15c5-common-args.resp -MMD -MT dependencies -MF /Users/rbsou/Documents/CODE/FLUTTER/flutter_sequencer_plus/ios/third_party/sfizz/build/build/absl_time_zone.build/Release-iphoneos/Objects-normal/arm64/zone_info_source.d --serialize-diagnostics /Users/rbsou/Documents/CODE/FLUTTER/flutter_sequencer_plus/ios/third_party/sfizz/build/build/absl_time_zone.build/Release-iphoneos/Objects-normal/arm64/zone_info_source.dia -c /Users/rbsou/Documents/CODE/flutter/flutter_sequencer_plus/ios/third_party/sfizz/external/abseil-cpp/absl/time/internal/cctz/src/zone_info_source.cc -o /Users/rbsou/Documents/CODE/FLUTTER/flutter_sequencer_plus/ios/third_party/sfizz/build/build/absl_time_zone.build/Release-iphoneos/Objects-normal/arm64/zone_info_source.o

CompileC /Users/rbsou/Documents/CODE/FLUTTER/flutter_sequencer_plus/ios/third_party/sfizz/build/build/absl_time_zone.build/Release-iphoneos/Objects-normal/arm64/time_zone_posix.o /Users/rbsou/Documents/CODE/flutter/flutter_sequencer_plus/ios/third_party/sfizz/external/abseil-cpp/absl/time/internal/cctz/src/time_zone_posix.cc normal arm64 c++ com.apple.compilers.llvm.clang.1_0.compiler (in target 'absl_time_zone' from project 'libsfizz')
    cd /Users/rbsou/Documents/CODE/flutter/flutter_sequencer_plus/ios/third_party/sfizz
    
    Using response file: /Users/rbsou/Documents/CODE/FLUTTER/flutter_sequencer_plus/ios/third_party/sfizz/build/build/absl_time_zone.build/Release-iphoneos/Objects-normal/arm64/82b82416624d2658e5098eb0a28c15c5-common-args.resp
    
    /Applications/Xcode.app/Contents/Developer/Toolchains/XcodeDefault.xctoolchain/usr/bin/clang -x c++ -ivfsstatcache /var/folders/hm/stpy22mn78n866gmvf98qvgc0000gn/C/com.apple.DeveloperTools/16.3-16E140/Xcode/SDKStatCaches.noindex/iphoneos18.4-22E235-a09501eccf75f892bc376f81961b27ba.sdkstatcache -fmessage-length\=0 -fdiagnostics-show-note-include-stack -fmacro-backtrace-limit\=0 -fno-color-diagnostics -Wno-trigraphs -Wno-missing-field-initializers -Wno-missing-prototypes -Wno-return-type -Wno-non-virtual-dtor -Wno-overloaded-virtual -Wno-exit-time-destructors -Wno-missing-braces -Wparentheses -Wswitch -Wno-unused-function -Wno-unused-label -Wno-unused-parameter -Wno-unused-variable -Wunused-value -Wno-empty-body -Wno-uninitialized -Wno-unknown-pragmas -Wno-shadow -Wno-four-char-constants -Wno-conversion -Wno-constant-conversion -Wno-int-conversion -Wno-bool-conversion -Wno-enum-conversion -Wno-float-conversion -Wno-non-literal-null-conversion -Wno-objc-literal-conversion -Wshorten-64-to-32 -Wno-newline-eof -Wno-c++11-extensions -Wno-implicit-fallthrough -fstrict-aliasing -Wdeprecated-declarations -Winvalid-offsetof -Wno-sign-conversion -Wno-infinite-recursion -Wno-move -Wno-comma -Wno-block-capture-autoreleasing -Wno-strict-prototypes -Wno-range-loop-analysis -Wno-semicolon-before-method-body -Wall -Wextra -Wno-multichar -Werror\=return-type -Wcast-qual -Wconversion -Wfloat-overflow-conversion -Wfloat-zero-conversion -Wfor-loop-analysis -Wformat-security -Wgnu-redeclared-enum -Winfinite-recursion -Winvalid-constexpr -Wliteral-conversion -Wmissing-declarations -Woverlength-strings -Wpointer-arith -Wself-assign -Wshadow-all -Wshorten-64-to-32 -Wsign-conversion -Wstring-conversion -Wtautological-overlap-compare -Wtautological-unsigned-zero-compare -Wundef -Wuninitialized -Wunreachable-code -Wunused-comparison -Wunused-local-typedefs -Wunused-result -Wvla -Wwrite-strings -Wno-float-conversion -Wno-implicit-float-conversion -Wno-implicit-int-float-conversion -Wno-unknown-warning-option @/Users/rbsou/Documents/CODE/FLUTTER/flutter_sequencer_plus/ios/third_party/sfizz/build/build/absl_time_zone.build/Release-iphoneos/Objects-normal/arm64/82b82416624d2658e5098eb0a28c15c5-common-args.resp -MMD -MT dependencies -MF /Users/rbsou/Documents/CODE/FLUTTER/flutter_sequencer_plus/ios/third_party/sfizz/build/build/absl_time_zone.build/Release-iphoneos/Objects-normal/arm64/time_zone_posix.d --serialize-diagnostics /Users/rbsou/Documents/CODE/FLUTTER/flutter_sequencer_plus/ios/third_party/sfizz/build/build/absl_time_zone.build/Release-iphoneos/Objects-normal/arm64/time_zone_posix.dia -c /Users/rbsou/Documents/CODE/flutter/flutter_sequencer_plus/ios/third_party/sfizz/external/abseil-cpp/absl/time/internal/cctz/src/time_zone_posix.cc -o /Users/rbsou/Documents/CODE/FLUTTER/flutter_sequencer_plus/ios/third_party/sfizz/build/build/absl_time_zone.build/Release-iphoneos/Objects-normal/arm64/time_zone_posix.o

CompileC /Users/rbsou/Documents/CODE/FLUTTER/flutter_sequencer_plus/ios/third_party/sfizz/build/build/absl_time_zone.build/Release-iphoneos/Objects-normal/arm64/time_zone_lookup.o /Users/rbsou/Documents/CODE/flutter/flutter_sequencer_plus/ios/third_party/sfizz/external/abseil-cpp/absl/time/internal/cctz/src/time_zone_lookup.cc normal arm64 c++ com.apple.compilers.llvm.clang.1_0.compiler (in target 'absl_time_zone' from project 'libsfizz')
    cd /Users/rbsou/Documents/CODE/flutter/flutter_sequencer_plus/ios/third_party/sfizz
    
    Using response file: /Users/rbsou/Documents/CODE/FLUTTER/flutter_sequencer_plus/ios/third_party/sfizz/build/build/absl_time_zone.build/Release-iphoneos/Objects-normal/arm64/82b82416624d2658e5098eb0a28c15c5-common-args.resp
    
    /Applications/Xcode.app/Contents/Developer/Toolchains/XcodeDefault.xctoolchain/usr/bin/clang -x c++ -ivfsstatcache /var/folders/hm/stpy22mn78n866gmvf98qvgc0000gn/C/com.apple.DeveloperTools/16.3-16E140/Xcode/SDKStatCaches.noindex/iphoneos18.4-22E235-a09501eccf75f892bc376f81961b27ba.sdkstatcache -fmessage-length\=0 -fdiagnostics-show-note-include-stack -fmacro-backtrace-limit\=0 -fno-color-diagnostics -Wno-trigraphs -Wno-missing-field-initializers -Wno-missing-prototypes -Wno-return-type -Wno-non-virtual-dtor -Wno-overloaded-virtual -Wno-exit-time-destructors -Wno-missing-braces -Wparentheses -Wswitch -Wno-unused-function -Wno-unused-label -Wno-unused-parameter -Wno-unused-variable -Wunused-value -Wno-empty-body -Wno-uninitialized -Wno-unknown-pragmas -Wno-shadow -Wno-four-char-constants -Wno-conversion -Wno-constant-conversion -Wno-int-conversion -Wno-bool-conversion -Wno-enum-conversion -Wno-float-conversion -Wno-non-literal-null-conversion -Wno-objc-literal-conversion -Wshorten-64-to-32 -Wno-newline-eof -Wno-c++11-extensions -Wno-implicit-fallthrough -fstrict-aliasing -Wdeprecated-declarations -Winvalid-offsetof -Wno-sign-conversion -Wno-infinite-recursion -Wno-move -Wno-comma -Wno-block-capture-autoreleasing -Wno-strict-prototypes -Wno-range-loop-analysis -Wno-semicolon-before-method-body -Wall -Wextra -Wno-multichar -Werror\=return-type -Wcast-qual -Wconversion -Wfloat-overflow-conversion -Wfloat-zero-conversion -Wfor-loop-analysis -Wformat-security -Wgnu-redeclared-enum -Winfinite-recursion -Winvalid-constexpr -Wliteral-conversion -Wmissing-declarations -Woverlength-strings -Wpointer-arith -Wself-assign -Wshadow-all -Wshorten-64-to-32 -Wsign-conversion -Wstring-conversion -Wtautological-overlap-compare -Wtautological-unsigned-zero-compare -Wundef -Wuninitialized -Wunreachable-code -Wunused-comparison -Wunused-local-typedefs -Wunused-result -Wvla -Wwrite-strings -Wno-float-conversion -Wno-implicit-float-conversion -Wno-implicit-int-float-conversion -Wno-unknown-warning-option @/Users/rbsou/Documents/CODE/FLUTTER/flutter_sequencer_plus/ios/third_party/sfizz/build/build/absl_time_zone.build/Release-iphoneos/Objects-normal/arm64/82b82416624d2658e5098eb0a28c15c5-common-args.resp -MMD -MT dependencies -MF /Users/rbsou/Documents/CODE/FLUTTER/flutter_sequencer_plus/ios/third_party/sfizz/build/build/absl_time_zone.build/Release-iphoneos/Objects-normal/arm64/time_zone_lookup.d --serialize-diagnostics /Users/rbsou/Documents/CODE/FLUTTER/flutter_sequencer_plus/ios/third_party/sfizz/build/build/absl_time_zone.build/Release-iphoneos/Objects-normal/arm64/time_zone_lookup.dia -c /Users/rbsou/Documents/CODE/flutter/flutter_sequencer_plus/ios/third_party/sfizz/external/abseil-cpp/absl/time/internal/cctz/src/time_zone_lookup.cc -o /Users/rbsou/Documents/CODE/FLUTTER/flutter_sequencer_plus/ios/third_party/sfizz/build/build/absl_time_zone.build/Release-iphoneos/Objects-normal/arm64/time_zone_lookup.o

CompileC /Users/rbsou/Documents/CODE/FLUTTER/flutter_sequencer_plus/ios/third_party/sfizz/build/build/absl_time_zone.build/Release-iphoneos/Objects-normal/arm64/time_zone_libc.o /Users/rbsou/Documents/CODE/flutter/flutter_sequencer_plus/ios/third_party/sfizz/external/abseil-cpp/absl/time/internal/cctz/src/time_zone_libc.cc normal arm64 c++ com.apple.compilers.llvm.clang.1_0.compiler (in target 'absl_time_zone' from project 'libsfizz')
    cd /Users/rbsou/Documents/CODE/flutter/flutter_sequencer_plus/ios/third_party/sfizz
    
    Using response file: /Users/rbsou/Documents/CODE/FLUTTER/flutter_sequencer_plus/ios/third_party/sfizz/build/build/absl_time_zone.build/Release-iphoneos/Objects-normal/arm64/82b82416624d2658e5098eb0a28c15c5-common-args.resp
    
    /Applications/Xcode.app/Contents/Developer/Toolchains/XcodeDefault.xctoolchain/usr/bin/clang -x c++ -ivfsstatcache /var/folders/hm/stpy22mn78n866gmvf98qvgc0000gn/C/com.apple.DeveloperTools/16.3-16E140/Xcode/SDKStatCaches.noindex/iphoneos18.4-22E235-a09501eccf75f892bc376f81961b27ba.sdkstatcache -fmessage-length\=0 -fdiagnostics-show-note-include-stack -fmacro-backtrace-limit\=0 -fno-color-diagnostics -Wno-trigraphs -Wno-missing-field-initializers -Wno-missing-prototypes -Wno-return-type -Wno-non-virtual-dtor -Wno-overloaded-virtual -Wno-exit-time-destructors -Wno-missing-braces -Wparentheses -Wswitch -Wno-unused-function -Wno-unused-label -Wno-unused-parameter -Wno-unused-variable -Wunused-value -Wno-empty-body -Wno-uninitialized -Wno-unknown-pragmas -Wno-shadow -Wno-four-char-constants -Wno-conversion -Wno-constant-conversion -Wno-int-conversion -Wno-bool-conversion -Wno-enum-conversion -Wno-float-conversion -Wno-non-literal-null-conversion -Wno-objc-literal-conversion -Wshorten-64-to-32 -Wno-newline-eof -Wno-c++11-extensions -Wno-implicit-fallthrough -fstrict-aliasing -Wdeprecated-declarations -Winvalid-offsetof -Wno-sign-conversion -Wno-infinite-recursion -Wno-move -Wno-comma -Wno-block-capture-autoreleasing -Wno-strict-prototypes -Wno-range-loop-analysis -Wno-semicolon-before-method-body -Wall -Wextra -Wno-multichar -Werror\=return-type -Wcast-qual -Wconversion -Wfloat-overflow-conversion -Wfloat-zero-conversion -Wfor-loop-analysis -Wformat-security -Wgnu-redeclared-enum -Winfinite-recursion -Winvalid-constexpr -Wliteral-conversion -Wmissing-declarations -Woverlength-strings -Wpointer-arith -Wself-assign -Wshadow-all -Wshorten-64-to-32 -Wsign-conversion -Wstring-conversion -Wtautological-overlap-compare -Wtautological-unsigned-zero-compare -Wundef -Wuninitialized -Wunreachable-code -Wunused-comparison -Wunused-local-typedefs -Wunused-result -Wvla -Wwrite-strings -Wno-float-conversion -Wno-implicit-float-conversion -Wno-implicit-int-float-conversion -Wno-unknown-warning-option @/Users/rbsou/Documents/CODE/FLUTTER/flutter_sequencer_plus/ios/third_party/sfizz/build/build/absl_time_zone.build/Release-iphoneos/Objects-normal/arm64/82b82416624d2658e5098eb0a28c15c5-common-args.resp -MMD -MT dependencies -MF /Users/rbsou/Documents/CODE/FLUTTER/flutter_sequencer_plus/ios/third_party/sfizz/build/build/absl_time_zone.build/Release-iphoneos/Objects-normal/arm64/time_zone_libc.d --serialize-diagnostics /Users/rbsou/Documents/CODE/FLUTTER/flutter_sequencer_plus/ios/third_party/sfizz/build/build/absl_time_zone.build/Release-iphoneos/Objects-normal/arm64/time_zone_libc.dia -c /Users/rbsou/Documents/CODE/flutter/flutter_sequencer_plus/ios/third_party/sfizz/external/abseil-cpp/absl/time/internal/cctz/src/time_zone_libc.cc -o /Users/rbsou/Documents/CODE/FLUTTER/flutter_sequencer_plus/ios/third_party/sfizz/build/build/absl_time_zone.build/Release-iphoneos/Objects-normal/arm64/time_zone_libc.o

CompileC /Users/rbsou/Documents/CODE/FLUTTER/flutter_sequencer_plus/ios/third_party/sfizz/build/build/absl_time_zone.build/Release-iphoneos/Objects-normal/arm64/time_zone_info.o /Users/rbsou/Documents/CODE/flutter/flutter_sequencer_plus/ios/third_party/sfizz/external/abseil-cpp/absl/time/internal/cctz/src/time_zone_info.cc normal arm64 c++ com.apple.compilers.llvm.clang.1_0.compiler (in target 'absl_time_zone' from project 'libsfizz')
    cd /Users/rbsou/Documents/CODE/flutter/flutter_sequencer_plus/ios/third_party/sfizz
    
    Using response file: /Users/rbsou/Documents/CODE/FLUTTER/flutter_sequencer_plus/ios/third_party/sfizz/build/build/absl_time_zone.build/Release-iphoneos/Objects-normal/arm64/82b82416624d2658e5098eb0a28c15c5-common-args.resp
    
    /Applications/Xcode.app/Contents/Developer/Toolchains/XcodeDefault.xctoolchain/usr/bin/clang -x c++ -ivfsstatcache /var/folders/hm/stpy22mn78n866gmvf98qvgc0000gn/C/com.apple.DeveloperTools/16.3-16E140/Xcode/SDKStatCaches.noindex/iphoneos18.4-22E235-a09501eccf75f892bc376f81961b27ba.sdkstatcache -fmessage-length\=0 -fdiagnostics-show-note-include-stack -fmacro-backtrace-limit\=0 -fno-color-diagnostics -Wno-trigraphs -Wno-missing-field-initializers -Wno-missing-prototypes -Wno-return-type -Wno-non-virtual-dtor -Wno-overloaded-virtual -Wno-exit-time-destructors -Wno-missing-braces -Wparentheses -Wswitch -Wno-unused-function -Wno-unused-label -Wno-unused-parameter -Wno-unused-variable -Wunused-value -Wno-empty-body -Wno-uninitialized -Wno-unknown-pragmas -Wno-shadow -Wno-four-char-constants -Wno-conversion -Wno-constant-conversion -Wno-int-conversion -Wno-bool-conversion -Wno-enum-conversion -Wno-float-conversion -Wno-non-literal-null-conversion -Wno-objc-literal-conversion -Wshorten-64-to-32 -Wno-newline-eof -Wno-c++11-extensions -Wno-implicit-fallthrough -fstrict-aliasing -Wdeprecated-declarations -Winvalid-offsetof -Wno-sign-conversion -Wno-infinite-recursion -Wno-move -Wno-comma -Wno-block-capture-autoreleasing -Wno-strict-prototypes -Wno-range-loop-analysis -Wno-semicolon-before-method-body -Wall -Wextra -Wno-multichar -Werror\=return-type -Wcast-qual -Wconversion -Wfloat-overflow-conversion -Wfloat-zero-conversion -Wfor-loop-analysis -Wformat-security -Wgnu-redeclared-enum -Winfinite-recursion -Winvalid-constexpr -Wliteral-conversion -Wmissing-declarations -Woverlength-strings -Wpointer-arith -Wself-assign -Wshadow-all -Wshorten-64-to-32 -Wsign-conversion -Wstring-conversion -Wtautological-overlap-compare -Wtautological-unsigned-zero-compare -Wundef -Wuninitialized -Wunreachable-code -Wunused-comparison -Wunused-local-typedefs -Wunused-result -Wvla -Wwrite-strings -Wno-float-conversion -Wno-implicit-float-conversion -Wno-implicit-int-float-conversion -Wno-unknown-warning-option @/Users/rbsou/Documents/CODE/FLUTTER/flutter_sequencer_plus/ios/third_party/sfizz/build/build/absl_time_zone.build/Release-iphoneos/Objects-normal/arm64/82b82416624d2658e5098eb0a28c15c5-common-args.resp -MMD -MT dependencies -MF /Users/rbsou/Documents/CODE/FLUTTER/flutter_sequencer_plus/ios/third_party/sfizz/build/build/absl_time_zone.build/Release-iphoneos/Objects-normal/arm64/time_zone_info.d --serialize-diagnostics /Users/rbsou/Documents/CODE/FLUTTER/flutter_sequencer_plus/ios/third_party/sfizz/build/build/absl_time_zone.build/Release-iphoneos/Objects-normal/arm64/time_zone_info.dia -c /Users/rbsou/Documents/CODE/flutter/flutter_sequencer_plus/ios/third_party/sfizz/external/abseil-cpp/absl/time/internal/cctz/src/time_zone_info.cc -o /Users/rbsou/Documents/CODE/FLUTTER/flutter_sequencer_plus/ios/third_party/sfizz/build/build/absl_time_zone.build/Release-iphoneos/Objects-normal/arm64/time_zone_info.o

CompileC /Users/rbsou/Documents/CODE/FLUTTER/flutter_sequencer_plus/ios/third_party/sfizz/build/build/absl_time_zone.build/Release-iphoneos/Objects-normal/arm64/time_zone_impl.o /Users/rbsou/Documents/CODE/flutter/flutter_sequencer_plus/ios/third_party/sfizz/external/abseil-cpp/absl/time/internal/cctz/src/time_zone_impl.cc normal arm64 c++ com.apple.compilers.llvm.clang.1_0.compiler (in target 'absl_time_zone' from project 'libsfizz')
    cd /Users/rbsou/Documents/CODE/flutter/flutter_sequencer_plus/ios/third_party/sfizz
    
    Using response file: /Users/rbsou/Documents/CODE/FLUTTER/flutter_sequencer_plus/ios/third_party/sfizz/build/build/absl_time_zone.build/Release-iphoneos/Objects-normal/arm64/82b82416624d2658e5098eb0a28c15c5-common-args.resp
    
    /Applications/Xcode.app/Contents/Developer/Toolchains/XcodeDefault.xctoolchain/usr/bin/clang -x c++ -ivfsstatcache /var/folders/hm/stpy22mn78n866gmvf98qvgc0000gn/C/com.apple.DeveloperTools/16.3-16E140/Xcode/SDKStatCaches.noindex/iphoneos18.4-22E235-a09501eccf75f892bc376f81961b27ba.sdkstatcache -fmessage-length\=0 -fdiagnostics-show-note-include-stack -fmacro-backtrace-limit\=0 -fno-color-diagnostics -Wno-trigraphs -Wno-missing-field-initializers -Wno-missing-prototypes -Wno-return-type -Wno-non-virtual-dtor -Wno-overloaded-virtual -Wno-exit-time-destructors -Wno-missing-braces -Wparentheses -Wswitch -Wno-unused-function -Wno-unused-label -Wno-unused-parameter -Wno-unused-variable -Wunused-value -Wno-empty-body -Wno-uninitialized -Wno-unknown-pragmas -Wno-shadow -Wno-four-char-constants -Wno-conversion -Wno-constant-conversion -Wno-int-conversion -Wno-bool-conversion -Wno-enum-conversion -Wno-float-conversion -Wno-non-literal-null-conversion -Wno-objc-literal-conversion -Wshorten-64-to-32 -Wno-newline-eof -Wno-c++11-extensions -Wno-implicit-fallthrough -fstrict-aliasing -Wdeprecated-declarations -Winvalid-offsetof -Wno-sign-conversion -Wno-infinite-recursion -Wno-move -Wno-comma -Wno-block-capture-autoreleasing -Wno-strict-prototypes -Wno-range-loop-analysis -Wno-semicolon-before-method-body -Wall -Wextra -Wno-multichar -Werror\=return-type -Wcast-qual -Wconversion -Wfloat-overflow-conversion -Wfloat-zero-conversion -Wfor-loop-analysis -Wformat-security -Wgnu-redeclared-enum -Winfinite-recursion -Winvalid-constexpr -Wliteral-conversion -Wmissing-declarations -Woverlength-strings -Wpointer-arith -Wself-assign -Wshadow-all -Wshorten-64-to-32 -Wsign-conversion -Wstring-conversion -Wtautological-overlap-compare -Wtautological-unsigned-zero-compare -Wundef -Wuninitialized -Wunreachable-code -Wunused-comparison -Wunused-local-typedefs -Wunused-result -Wvla -Wwrite-strings -Wno-float-conversion -Wno-implicit-float-conversion -Wno-implicit-int-float-conversion -Wno-unknown-warning-option @/Users/rbsou/Documents/CODE/FLUTTER/flutter_sequencer_plus/ios/third_party/sfizz/build/build/absl_time_zone.build/Release-iphoneos/Objects-normal/arm64/82b82416624d2658e5098eb0a28c15c5-common-args.resp -MMD -MT dependencies -MF /Users/rbsou/Documents/CODE/FLUTTER/flutter_sequencer_plus/ios/third_party/sfizz/build/build/absl_time_zone.build/Release-iphoneos/Objects-normal/arm64/time_zone_impl.d --serialize-diagnostics /Users/rbsou/Documents/CODE/FLUTTER/flutter_sequencer_plus/ios/third_party/sfizz/build/build/absl_time_zone.build/Release-iphoneos/Objects-normal/arm64/time_zone_impl.dia -c /Users/rbsou/Documents/CODE/flutter/flutter_sequencer_plus/ios/third_party/sfizz/external/abseil-cpp/absl/time/internal/cctz/src/time_zone_impl.cc -o /Users/rbsou/Documents/CODE/FLUTTER/flutter_sequencer_plus/ios/third_party/sfizz/build/build/absl_time_zone.build/Release-iphoneos/Objects-normal/arm64/time_zone_impl.o

CompileC /Users/rbsou/Documents/CODE/FLUTTER/flutter_sequencer_plus/ios/third_party/sfizz/build/build/absl_time_zone.build/Release-iphoneos/Objects-normal/arm64/time_zone_if.o /Users/rbsou/Documents/CODE/flutter/flutter_sequencer_plus/ios/third_party/sfizz/external/abseil-cpp/absl/time/internal/cctz/src/time_zone_if.cc normal arm64 c++ com.apple.compilers.llvm.clang.1_0.compiler (in target 'absl_time_zone' from project 'libsfizz')
    cd /Users/rbsou/Documents/CODE/flutter/flutter_sequencer_plus/ios/third_party/sfizz
    
    Using response file: /Users/rbsou/Documents/CODE/FLUTTER/flutter_sequencer_plus/ios/third_party/sfizz/build/build/absl_time_zone.build/Release-iphoneos/Objects-normal/arm64/82b82416624d2658e5098eb0a28c15c5-common-args.resp
    
    /Applications/Xcode.app/Contents/Developer/Toolchains/XcodeDefault.xctoolchain/usr/bin/clang -x c++ -ivfsstatcache /var/folders/hm/stpy22mn78n866gmvf98qvgc0000gn/C/com.apple.DeveloperTools/16.3-16E140/Xcode/SDKStatCaches.noindex/iphoneos18.4-22E235-a09501eccf75f892bc376f81961b27ba.sdkstatcache -fmessage-length\=0 -fdiagnostics-show-note-include-stack -fmacro-backtrace-limit\=0 -fno-color-diagnostics -Wno-trigraphs -Wno-missing-field-initializers -Wno-missing-prototypes -Wno-return-type -Wno-non-virtual-dtor -Wno-overloaded-virtual -Wno-exit-time-destructors -Wno-missing-braces -Wparentheses -Wswitch -Wno-unused-function -Wno-unused-label -Wno-unused-parameter -Wno-unused-variable -Wunused-value -Wno-empty-body -Wno-uninitialized -Wno-unknown-pragmas -Wno-shadow -Wno-four-char-constants -Wno-conversion -Wno-constant-conversion -Wno-int-conversion -Wno-bool-conversion -Wno-enum-conversion -Wno-float-conversion -Wno-non-literal-null-conversion -Wno-objc-literal-conversion -Wshorten-64-to-32 -Wno-newline-eof -Wno-c++11-extensions -Wno-implicit-fallthrough -fstrict-aliasing -Wdeprecated-declarations -Winvalid-offsetof -Wno-sign-conversion -Wno-infinite-recursion -Wno-move -Wno-comma -Wno-block-capture-autoreleasing -Wno-strict-prototypes -Wno-range-loop-analysis -Wno-semicolon-before-method-body -Wall -Wextra -Wno-multichar -Werror\=return-type -Wcast-qual -Wconversion -Wfloat-overflow-conversion -Wfloat-zero-conversion -Wfor-loop-analysis -Wformat-security -Wgnu-redeclared-enum -Winfinite-recursion -Winvalid-constexpr -Wliteral-conversion -Wmissing-declarations -Woverlength-strings -Wpointer-arith -Wself-assign -Wshadow-all -Wshorten-64-to-32 -Wsign-conversion -Wstring-conversion -Wtautological-overlap-compare -Wtautological-unsigned-zero-compare -Wundef -Wuninitialized -Wunreachable-code -Wunused-comparison -Wunused-local-typedefs -Wunused-result -Wvla -Wwrite-strings -Wno-float-conversion -Wno-implicit-float-conversion -Wno-implicit-int-float-conversion -Wno-unknown-warning-option @/Users/rbsou/Documents/CODE/FLUTTER/flutter_sequencer_plus/ios/third_party/sfizz/build/build/absl_time_zone.build/Release-iphoneos/Objects-normal/arm64/82b82416624d2658e5098eb0a28c15c5-common-args.resp -MMD -MT dependencies -MF /Users/rbsou/Documents/CODE/FLUTTER/flutter_sequencer_plus/ios/third_party/sfizz/build/build/absl_time_zone.build/Release-iphoneos/Objects-normal/arm64/time_zone_if.d --serialize-diagnostics /Users/rbsou/Documents/CODE/FLUTTER/flutter_sequencer_plus/ios/third_party/sfizz/build/build/absl_time_zone.build/Release-iphoneos/Objects-normal/arm64/time_zone_if.dia -c /Users/rbsou/Documents/CODE/flutter/flutter_sequencer_plus/ios/third_party/sfizz/external/abseil-cpp/absl/time/internal/cctz/src/time_zone_if.cc -o /Users/rbsou/Documents/CODE/FLUTTER/flutter_sequencer_plus/ios/third_party/sfizz/build/build/absl_time_zone.build/Release-iphoneos/Objects-normal/arm64/time_zone_if.o

CompileC /Users/rbsou/Documents/CODE/FLUTTER/flutter_sequencer_plus/ios/third_party/sfizz/build/build/absl_time_zone.build/Release-iphoneos/Objects-normal/arm64/time_zone_format.o /Users/rbsou/Documents/CODE/flutter/flutter_sequencer_plus/ios/third_party/sfizz/external/abseil-cpp/absl/time/internal/cctz/src/time_zone_format.cc normal arm64 c++ com.apple.compilers.llvm.clang.1_0.compiler (in target 'absl_time_zone' from project 'libsfizz')
    cd /Users/rbsou/Documents/CODE/flutter/flutter_sequencer_plus/ios/third_party/sfizz
    
    Using response file: /Users/rbsou/Documents/CODE/FLUTTER/flutter_sequencer_plus/ios/third_party/sfizz/build/build/absl_time_zone.build/Release-iphoneos/Objects-normal/arm64/82b82416624d2658e5098eb0a28c15c5-common-args.resp
    
    /Applications/Xcode.app/Contents/Developer/Toolchains/XcodeDefault.xctoolchain/usr/bin/clang -x c++ -ivfsstatcache /var/folders/hm/stpy22mn78n866gmvf98qvgc0000gn/C/com.apple.DeveloperTools/16.3-16E140/Xcode/SDKStatCaches.noindex/iphoneos18.4-22E235-a09501eccf75f892bc376f81961b27ba.sdkstatcache -fmessage-length\=0 -fdiagnostics-show-note-include-stack -fmacro-backtrace-limit\=0 -fno-color-diagnostics -Wno-trigraphs -Wno-missing-field-initializers -Wno-missing-prototypes -Wno-return-type -Wno-non-virtual-dtor -Wno-overloaded-virtual -Wno-exit-time-destructors -Wno-missing-braces -Wparentheses -Wswitch -Wno-unused-function -Wno-unused-label -Wno-unused-parameter -Wno-unused-variable -Wunused-value -Wno-empty-body -Wno-uninitialized -Wno-unknown-pragmas -Wno-shadow -Wno-four-char-constants -Wno-conversion -Wno-constant-conversion -Wno-int-conversion -Wno-bool-conversion -Wno-enum-conversion -Wno-float-conversion -Wno-non-literal-null-conversion -Wno-objc-literal-conversion -Wshorten-64-to-32 -Wno-newline-eof -Wno-c++11-extensions -Wno-implicit-fallthrough -fstrict-aliasing -Wdeprecated-declarations -Winvalid-offsetof -Wno-sign-conversion -Wno-infinite-recursion -Wno-move -Wno-comma -Wno-block-capture-autoreleasing -Wno-strict-prototypes -Wno-range-loop-analysis -Wno-semicolon-before-method-body -Wall -Wextra -Wno-multichar -Werror\=return-type -Wcast-qual -Wconversion -Wfloat-overflow-conversion -Wfloat-zero-conversion -Wfor-loop-analysis -Wformat-security -Wgnu-redeclared-enum -Winfinite-recursion -Winvalid-constexpr -Wliteral-conversion -Wmissing-declarations -Woverlength-strings -Wpointer-arith -Wself-assign -Wshadow-all -Wshorten-64-to-32 -Wsign-conversion -Wstring-conversion -Wtautological-overlap-compare -Wtautological-unsigned-zero-compare -Wundef -Wuninitialized -Wunreachable-code -Wunused-comparison -Wunused-local-typedefs -Wunused-result -Wvla -Wwrite-strings -Wno-float-conversion -Wno-implicit-float-conversion -Wno-implicit-int-float-conversion -Wno-unknown-warning-option @/Users/rbsou/Documents/CODE/FLUTTER/flutter_sequencer_plus/ios/third_party/sfizz/build/build/absl_time_zone.build/Release-iphoneos/Objects-normal/arm64/82b82416624d2658e5098eb0a28c15c5-common-args.resp -MMD -MT dependencies -MF /Users/rbsou/Documents/CODE/FLUTTER/flutter_sequencer_plus/ios/third_party/sfizz/build/build/absl_time_zone.build/Release-iphoneos/Objects-normal/arm64/time_zone_format.d --serialize-diagnostics /Users/rbsou/Documents/CODE/FLUTTER/flutter_sequencer_plus/ios/third_party/sfizz/build/build/absl_time_zone.build/Release-iphoneos/Objects-normal/arm64/time_zone_format.dia -c /Users/rbsou/Documents/CODE/flutter/flutter_sequencer_plus/ios/third_party/sfizz/external/abseil-cpp/absl/time/internal/cctz/src/time_zone_format.cc -o /Users/rbsou/Documents/CODE/FLUTTER/flutter_sequencer_plus/ios/third_party/sfizz/build/build/absl_time_zone.build/Release-iphoneos/Objects-normal/arm64/time_zone_format.o

CompileC /Users/rbsou/Documents/CODE/FLUTTER/flutter_sequencer_plus/ios/third_party/sfizz/build/build/absl_time_zone.build/Release-iphoneos/Objects-normal/arm64/time_zone_fixed.o /Users/rbsou/Documents/CODE/flutter/flutter_sequencer_plus/ios/third_party/sfizz/external/abseil-cpp/absl/time/internal/cctz/src/time_zone_fixed.cc normal arm64 c++ com.apple.compilers.llvm.clang.1_0.compiler (in target 'absl_time_zone' from project 'libsfizz')
    cd /Users/rbsou/Documents/CODE/flutter/flutter_sequencer_plus/ios/third_party/sfizz
    
    Using response file: /Users/rbsou/Documents/CODE/FLUTTER/flutter_sequencer_plus/ios/third_party/sfizz/build/build/absl_time_zone.build/Release-iphoneos/Objects-normal/arm64/82b82416624d2658e5098eb0a28c15c5-common-args.resp
    
    /Applications/Xcode.app/Contents/Developer/Toolchains/XcodeDefault.xctoolchain/usr/bin/clang -x c++ -ivfsstatcache /var/folders/hm/stpy22mn78n866gmvf98qvgc0000gn/C/com.apple.DeveloperTools/16.3-16E140/Xcode/SDKStatCaches.noindex/iphoneos18.4-22E235-a09501eccf75f892bc376f81961b27ba.sdkstatcache -fmessage-length\=0 -fdiagnostics-show-note-include-stack -fmacro-backtrace-limit\=0 -fno-color-diagnostics -Wno-trigraphs -Wno-missing-field-initializers -Wno-missing-prototypes -Wno-return-type -Wno-non-virtual-dtor -Wno-overloaded-virtual -Wno-exit-time-destructors -Wno-missing-braces -Wparentheses -Wswitch -Wno-unused-function -Wno-unused-label -Wno-unused-parameter -Wno-unused-variable -Wunused-value -Wno-empty-body -Wno-uninitialized -Wno-unknown-pragmas -Wno-shadow -Wno-four-char-constants -Wno-conversion -Wno-constant-conversion -Wno-int-conversion -Wno-bool-conversion -Wno-enum-conversion -Wno-float-conversion -Wno-non-literal-null-conversion -Wno-objc-literal-conversion -Wshorten-64-to-32 -Wno-newline-eof -Wno-c++11-extensions -Wno-implicit-fallthrough -fstrict-aliasing -Wdeprecated-declarations -Winvalid-offsetof -Wno-sign-conversion -Wno-infinite-recursion -Wno-move -Wno-comma -Wno-block-capture-autoreleasing -Wno-strict-prototypes -Wno-range-loop-analysis -Wno-semicolon-before-method-body -Wall -Wextra -Wno-multichar -Werror\=return-type -Wcast-qual -Wconversion -Wfloat-overflow-conversion -Wfloat-zero-conversion -Wfor-loop-analysis -Wformat-security -Wgnu-redeclared-enum -Winfinite-recursion -Winvalid-constexpr -Wliteral-conversion -Wmissing-declarations -Woverlength-strings -Wpointer-arith -Wself-assign -Wshadow-all -Wshorten-64-to-32 -Wsign-conversion -Wstring-conversion -Wtautological-overlap-compare -Wtautological-unsigned-zero-compare -Wundef -Wuninitialized -Wunreachable-code -Wunused-comparison -Wunused-local-typedefs -Wunused-result -Wvla -Wwrite-strings -Wno-float-conversion -Wno-implicit-float-conversion -Wno-implicit-int-float-conversion -Wno-unknown-warning-option @/Users/rbsou/Documents/CODE/FLUTTER/flutter_sequencer_plus/ios/third_party/sfizz/build/build/absl_time_zone.build/Release-iphoneos/Objects-normal/arm64/82b82416624d2658e5098eb0a28c15c5-common-args.resp -MMD -MT dependencies -MF /Users/rbsou/Documents/CODE/FLUTTER/flutter_sequencer_plus/ios/third_party/sfizz/build/build/absl_time_zone.build/Release-iphoneos/Objects-normal/arm64/time_zone_fixed.d --serialize-diagnostics /Users/rbsou/Documents/CODE/FLUTTER/flutter_sequencer_plus/ios/third_party/sfizz/build/build/absl_time_zone.build/Release-iphoneos/Objects-normal/arm64/time_zone_fixed.dia -c /Users/rbsou/Documents/CODE/flutter/flutter_sequencer_plus/ios/third_party/sfizz/external/abseil-cpp/absl/time/internal/cctz/src/time_zone_fixed.cc -o /Users/rbsou/Documents/CODE/FLUTTER/flutter_sequencer_plus/ios/third_party/sfizz/build/build/absl_time_zone.build/Release-iphoneos/Objects-normal/arm64/time_zone_fixed.o

CompileC /Users/rbsou/Documents/CODE/FLUTTER/flutter_sequencer_plus/ios/third_party/sfizz/build/build/absl_time.build/Release-iphoneos/Objects-normal/arm64/time.o /Users/rbsou/Documents/CODE/flutter/flutter_sequencer_plus/ios/third_party/sfizz/external/abseil-cpp/absl/time/time.cc normal arm64 c++ com.apple.compilers.llvm.clang.1_0.compiler (in target 'absl_time' from project 'libsfizz')
    cd /Users/rbsou/Documents/CODE/flutter/flutter_sequencer_plus/ios/third_party/sfizz
    
    Using response file: /Users/rbsou/Documents/CODE/FLUTTER/flutter_sequencer_plus/ios/third_party/sfizz/build/build/absl_time.build/Release-iphoneos/Objects-normal/arm64/82b82416624d2658e5098eb0a28c15c5-common-args.resp
    
    /Applications/Xcode.app/Contents/Developer/Toolchains/XcodeDefault.xctoolchain/usr/bin/clang -x c++ -ivfsstatcache /var/folders/hm/stpy22mn78n866gmvf98qvgc0000gn/C/com.apple.DeveloperTools/16.3-16E140/Xcode/SDKStatCaches.noindex/iphoneos18.4-22E235-a09501eccf75f892bc376f81961b27ba.sdkstatcache -fmessage-length\=0 -fdiagnostics-show-note-include-stack -fmacro-backtrace-limit\=0 -fno-color-diagnostics -Wno-trigraphs -Wno-missing-field-initializers -Wno-missing-prototypes -Wno-return-type -Wno-non-virtual-dtor -Wno-overloaded-virtual -Wno-exit-time-destructors -Wno-missing-braces -Wparentheses -Wswitch -Wno-unused-function -Wno-unused-label -Wno-unused-parameter -Wno-unused-variable -Wunused-value -Wno-empty-body -Wno-uninitialized -Wno-unknown-pragmas -Wno-shadow -Wno-four-char-constants -Wno-conversion -Wno-constant-conversion -Wno-int-conversion -Wno-bool-conversion -Wno-enum-conversion -Wno-float-conversion -Wno-non-literal-null-conversion -Wno-objc-literal-conversion -Wshorten-64-to-32 -Wno-newline-eof -Wno-c++11-extensions -Wno-implicit-fallthrough -fstrict-aliasing -Wdeprecated-declarations -Winvalid-offsetof -Wno-sign-conversion -Wno-infinite-recursion -Wno-move -Wno-comma -Wno-block-capture-autoreleasing -Wno-strict-prototypes -Wno-range-loop-analysis -Wno-semicolon-before-method-body -Wall -Wextra -Wno-multichar -Werror\=return-type -Wcast-qual -Wconversion -Wfloat-overflow-conversion -Wfloat-zero-conversion -Wfor-loop-analysis -Wformat-security -Wgnu-redeclared-enum -Winfinite-recursion -Winvalid-constexpr -Wliteral-conversion -Wmissing-declarations -Woverlength-strings -Wpointer-arith -Wself-assign -Wshadow-all -Wshorten-64-to-32 -Wsign-conversion -Wstring-conversion -Wtautological-overlap-compare -Wtautological-unsigned-zero-compare -Wundef -Wuninitialized -Wunreachable-code -Wunused-comparison -Wunused-local-typedefs -Wunused-result -Wvla -Wwrite-strings -Wno-float-conversion -Wno-implicit-float-conversion -Wno-implicit-int-float-conversion -Wno-unknown-warning-option @/Users/rbsou/Documents/CODE/FLUTTER/flutter_sequencer_plus/ios/third_party/sfizz/build/build/absl_time.build/Release-iphoneos/Objects-normal/arm64/82b82416624d2658e5098eb0a28c15c5-common-args.resp -MMD -MT dependencies -MF /Users/rbsou/Documents/CODE/FLUTTER/flutter_sequencer_plus/ios/third_party/sfizz/build/build/absl_time.build/Release-iphoneos/Objects-normal/arm64/time.d --serialize-diagnostics /Users/rbsou/Documents/CODE/FLUTTER/flutter_sequencer_plus/ios/third_party/sfizz/build/build/absl_time.build/Release-iphoneos/Objects-normal/arm64/time.dia -c /Users/rbsou/Documents/CODE/flutter/flutter_sequencer_plus/ios/third_party/sfizz/external/abseil-cpp/absl/time/time.cc -o /Users/rbsou/Documents/CODE/FLUTTER/flutter_sequencer_plus/ios/third_party/sfizz/build/build/absl_time.build/Release-iphoneos/Objects-normal/arm64/time.o

CompileC /Users/rbsou/Documents/CODE/FLUTTER/flutter_sequencer_plus/ios/third_party/sfizz/build/build/absl_time.build/Release-iphoneos/Objects-normal/arm64/format.o /Users/rbsou/Documents/CODE/flutter/flutter_sequencer_plus/ios/third_party/sfizz/external/abseil-cpp/absl/time/format.cc normal arm64 c++ com.apple.compilers.llvm.clang.1_0.compiler (in target 'absl_time' from project 'libsfizz')
    cd /Users/rbsou/Documents/CODE/flutter/flutter_sequencer_plus/ios/third_party/sfizz
    
    Using response file: /Users/rbsou/Documents/CODE/FLUTTER/flutter_sequencer_plus/ios/third_party/sfizz/build/build/absl_time.build/Release-iphoneos/Objects-normal/arm64/82b82416624d2658e5098eb0a28c15c5-common-args.resp
    
    /Applications/Xcode.app/Contents/Developer/Toolchains/XcodeDefault.xctoolchain/usr/bin/clang -x c++ -ivfsstatcache /var/folders/hm/stpy22mn78n866gmvf98qvgc0000gn/C/com.apple.DeveloperTools/16.3-16E140/Xcode/SDKStatCaches.noindex/iphoneos18.4-22E235-a09501eccf75f892bc376f81961b27ba.sdkstatcache -fmessage-length\=0 -fdiagnostics-show-note-include-stack -fmacro-backtrace-limit\=0 -fno-color-diagnostics -Wno-trigraphs -Wno-missing-field-initializers -Wno-missing-prototypes -Wno-return-type -Wno-non-virtual-dtor -Wno-overloaded-virtual -Wno-exit-time-destructors -Wno-missing-braces -Wparentheses -Wswitch -Wno-unused-function -Wno-unused-label -Wno-unused-parameter -Wno-unused-variable -Wunused-value -Wno-empty-body -Wno-uninitialized -Wno-unknown-pragmas -Wno-shadow -Wno-four-char-constants -Wno-conversion -Wno-constant-conversion -Wno-int-conversion -Wno-bool-conversion -Wno-enum-conversion -Wno-float-conversion -Wno-non-literal-null-conversion -Wno-objc-literal-conversion -Wshorten-64-to-32 -Wno-newline-eof -Wno-c++11-extensions -Wno-implicit-fallthrough -fstrict-aliasing -Wdeprecated-declarations -Winvalid-offsetof -Wno-sign-conversion -Wno-infinite-recursion -Wno-move -Wno-comma -Wno-block-capture-autoreleasing -Wno-strict-prototypes -Wno-range-loop-analysis -Wno-semicolon-before-method-body -Wall -Wextra -Wno-multichar -Werror\=return-type -Wcast-qual -Wconversion -Wfloat-overflow-conversion -Wfloat-zero-conversion -Wfor-loop-analysis -Wformat-security -Wgnu-redeclared-enum -Winfinite-recursion -Winvalid-constexpr -Wliteral-conversion -Wmissing-declarations -Woverlength-strings -Wpointer-arith -Wself-assign -Wshadow-all -Wshorten-64-to-32 -Wsign-conversion -Wstring-conversion -Wtautological-overlap-compare -Wtautological-unsigned-zero-compare -Wundef -Wuninitialized -Wunreachable-code -Wunused-comparison -Wunused-local-typedefs -Wunused-result -Wvla -Wwrite-strings -Wno-float-conversion -Wno-implicit-float-conversion -Wno-implicit-int-float-conversion -Wno-unknown-warning-option @/Users/rbsou/Documents/CODE/FLUTTER/flutter_sequencer_plus/ios/third_party/sfizz/build/build/absl_time.build/Release-iphoneos/Objects-normal/arm64/82b82416624d2658e5098eb0a28c15c5-common-args.resp -MMD -MT dependencies -MF /Users/rbsou/Documents/CODE/FLUTTER/flutter_sequencer_plus/ios/third_party/sfizz/build/build/absl_time.build/Release-iphoneos/Objects-normal/arm64/format.d --serialize-diagnostics /Users/rbsou/Documents/CODE/FLUTTER/flutter_sequencer_plus/ios/third_party/sfizz/build/build/absl_time.build/Release-iphoneos/Objects-normal/arm64/format.dia -c /Users/rbsou/Documents/CODE/flutter/flutter_sequencer_plus/ios/third_party/sfizz/external/abseil-cpp/absl/time/format.cc -o /Users/rbsou/Documents/CODE/FLUTTER/flutter_sequencer_plus/ios/third_party/sfizz/build/build/absl_time.build/Release-iphoneos/Objects-normal/arm64/format.o

CompileC /Users/rbsou/Documents/CODE/FLUTTER/flutter_sequencer_plus/ios/third_party/sfizz/build/build/absl_time.build/Release-iphoneos/Objects-normal/arm64/duration.o /Users/rbsou/Documents/CODE/flutter/flutter_sequencer_plus/ios/third_party/sfizz/external/abseil-cpp/absl/time/duration.cc normal arm64 c++ com.apple.compilers.llvm.clang.1_0.compiler (in target 'absl_time' from project 'libsfizz')
    cd /Users/rbsou/Documents/CODE/flutter/flutter_sequencer_plus/ios/third_party/sfizz
    
    Using response file: /Users/rbsou/Documents/CODE/FLUTTER/flutter_sequencer_plus/ios/third_party/sfizz/build/build/absl_time.build/Release-iphoneos/Objects-normal/arm64/82b82416624d2658e5098eb0a28c15c5-common-args.resp
    
    /Applications/Xcode.app/Contents/Developer/Toolchains/XcodeDefault.xctoolchain/usr/bin/clang -x c++ -ivfsstatcache /var/folders/hm/stpy22mn78n866gmvf98qvgc0000gn/C/com.apple.DeveloperTools/16.3-16E140/Xcode/SDKStatCaches.noindex/iphoneos18.4-22E235-a09501eccf75f892bc376f81961b27ba.sdkstatcache -fmessage-length\=0 -fdiagnostics-show-note-include-stack -fmacro-backtrace-limit\=0 -fno-color-diagnostics -Wno-trigraphs -Wno-missing-field-initializers -Wno-missing-prototypes -Wno-return-type -Wno-non-virtual-dtor -Wno-overloaded-virtual -Wno-exit-time-destructors -Wno-missing-braces -Wparentheses -Wswitch -Wno-unused-function -Wno-unused-label -Wno-unused-parameter -Wno-unused-variable -Wunused-value -Wno-empty-body -Wno-uninitialized -Wno-unknown-pragmas -Wno-shadow -Wno-four-char-constants -Wno-conversion -Wno-constant-conversion -Wno-int-conversion -Wno-bool-conversion -Wno-enum-conversion -Wno-float-conversion -Wno-non-literal-null-conversion -Wno-objc-literal-conversion -Wshorten-64-to-32 -Wno-newline-eof -Wno-c++11-extensions -Wno-implicit-fallthrough -fstrict-aliasing -Wdeprecated-declarations -Winvalid-offsetof -Wno-sign-conversion -Wno-infinite-recursion -Wno-move -Wno-comma -Wno-block-capture-autoreleasing -Wno-strict-prototypes -Wno-range-loop-analysis -Wno-semicolon-before-method-body -Wall -Wextra -Wno-multichar -Werror\=return-type -Wcast-qual -Wconversion -Wfloat-overflow-conversion -Wfloat-zero-conversion -Wfor-loop-analysis -Wformat-security -Wgnu-redeclared-enum -Winfinite-recursion -Winvalid-constexpr -Wliteral-conversion -Wmissing-declarations -Woverlength-strings -Wpointer-arith -Wself-assign -Wshadow-all -Wshorten-64-to-32 -Wsign-conversion -Wstring-conversion -Wtautological-overlap-compare -Wtautological-unsigned-zero-compare -Wundef -Wuninitialized -Wunreachable-code -Wunused-comparison -Wunused-local-typedefs -Wunused-result -Wvla -Wwrite-strings -Wno-float-conversion -Wno-implicit-float-conversion -Wno-implicit-int-float-conversion -Wno-unknown-warning-option @/Users/rbsou/Documents/CODE/FLUTTER/flutter_sequencer_plus/ios/third_party/sfizz/build/build/absl_time.build/Release-iphoneos/Objects-normal/arm64/82b82416624d2658e5098eb0a28c15c5-common-args.resp -MMD -MT dependencies -MF /Users/rbsou/Documents/CODE/FLUTTER/flutter_sequencer_plus/ios/third_party/sfizz/build/build/absl_time.build/Release-iphoneos/Objects-normal/arm64/duration.d --serialize-diagnostics /Users/rbsou/Documents/CODE/FLUTTER/flutter_sequencer_plus/ios/third_party/sfizz/build/build/absl_time.build/Release-iphoneos/Objects-normal/arm64/duration.dia -c /Users/rbsou/Documents/CODE/flutter/flutter_sequencer_plus/ios/third_party/sfizz/external/abseil-cpp/absl/time/duration.cc -o /Users/rbsou/Documents/CODE/FLUTTER/flutter_sequencer_plus/ios/third_party/sfizz/build/build/absl_time.build/Release-iphoneos/Objects-normal/arm64/duration.o

CompileC /Users/rbsou/Documents/CODE/FLUTTER/flutter_sequencer_plus/ios/third_party/sfizz/build/build/sfizz_pugixml.build/Release-iphoneos/Objects-normal/arm64/pugixml.o /Users/rbsou/Documents/CODE/flutter/flutter_sequencer_plus/ios/third_party/sfizz/src/external/pugixml/src/pugixml.cpp normal arm64 c++ com.apple.compilers.llvm.clang.1_0.compiler (in target 'sfizz_pugixml' from project 'libsfizz')
    cd /Users/rbsou/Documents/CODE/flutter/flutter_sequencer_plus/ios/third_party/sfizz
    
    Using response file: /Users/rbsou/Documents/CODE/FLUTTER/flutter_sequencer_plus/ios/third_party/sfizz/build/build/sfizz_pugixml.build/Release-iphoneos/Objects-normal/arm64/82b82416624d2658e5098eb0a28c15c5-common-args.resp
    
    /Applications/Xcode.app/Contents/Developer/Toolchains/XcodeDefault.xctoolchain/usr/bin/clang -x c++ -ivfsstatcache /var/folders/hm/stpy22mn78n866gmvf98qvgc0000gn/C/com.apple.DeveloperTools/16.3-16E140/Xcode/SDKStatCaches.noindex/iphoneos18.4-22E235-a09501eccf75f892bc376f81961b27ba.sdkstatcache -fmessage-length\=0 -fdiagnostics-show-note-include-stack -fmacro-backtrace-limit\=0 -fno-color-diagnostics -Wno-trigraphs -Wno-missing-field-initializers -Wno-missing-prototypes -Wno-return-type -Wno-non-virtual-dtor -Wno-overloaded-virtual -Wno-exit-time-destructors -Wno-missing-braces -Wparentheses -Wswitch -Wno-unused-function -Wno-unused-label -Wno-unused-parameter -Wno-unused-variable -Wunused-value -Wno-empty-body -Wno-uninitialized -Wno-unknown-pragmas -Wno-shadow -Wno-four-char-constants -Wno-conversion -Wno-constant-conversion -Wno-int-conversion -Wno-bool-conversion -Wno-enum-conversion -Wno-float-conversion -Wno-non-literal-null-conversion -Wno-objc-literal-conversion -Wshorten-64-to-32 -Wno-newline-eof -Wno-c++11-extensions -Wno-implicit-fallthrough -fstrict-aliasing -Wdeprecated-declarations -Winvalid-offsetof -Wno-sign-conversion -Wno-infinite-recursion -Wno-move -Wno-comma -Wno-block-capture-autoreleasing -Wno-strict-prototypes -Wno-range-loop-analysis -Wno-semicolon-before-method-body -Wall -Wextra -Wno-multichar -Werror\=return-type @/Users/rbsou/Documents/CODE/FLUTTER/flutter_sequencer_plus/ios/third_party/sfizz/build/build/sfizz_pugixml.build/Release-iphoneos/Objects-normal/arm64/82b82416624d2658e5098eb0a28c15c5-common-args.resp -MMD -MT dependencies -MF /Users/rbsou/Documents/CODE/FLUTTER/flutter_sequencer_plus/ios/third_party/sfizz/build/build/sfizz_pugixml.build/Release-iphoneos/Objects-normal/arm64/pugixml.d --serialize-diagnostics /Users/rbsou/Documents/CODE/FLUTTER/flutter_sequencer_plus/ios/third_party/sfizz/build/build/sfizz_pugixml.build/Release-iphoneos/Objects-normal/arm64/pugixml.dia -c /Users/rbsou/Documents/CODE/flutter/flutter_sequencer_plus/ios/third_party/sfizz/src/external/pugixml/src/pugixml.cpp -o /Users/rbsou/Documents/CODE/FLUTTER/flutter_sequencer_plus/ios/third_party/sfizz/build/build/sfizz_pugixml.build/Release-iphoneos/Objects-normal/arm64/pugixml.o

Libtool /Users/rbsou/Documents/CODE/FLUTTER/flutter_sequencer_plus/ios/third_party/sfizz/build/library/lib/Release/libaiff.a normal (in target 'aiff' from project 'libsfizz')
    cd /Users/rbsou/Documents/CODE/flutter/flutter_sequencer_plus/ios/third_party/sfizz
    /Applications/Xcode.app/Contents/Developer/Toolchains/XcodeDefault.xctoolchain/usr/bin/libtool -static -arch_only arm64 -D -syslibroot /Applications/Xcode.app/Contents/Developer/Platforms/iPhoneOS.platform/Developer/SDKs/iPhoneOS18.4.sdk -L/Users/rbsou/Documents/CODE/FLUTTER/flutter_sequencer_plus/ios/third_party/sfizz/build/library/lib/Release -filelist /Users/rbsou/Documents/CODE/FLUTTER/flutter_sequencer_plus/ios/third_party/sfizz/build/build/aiff.build/Release-iphoneos/Objects-normal/arm64/aiff.LinkFileList -dependency_info /Users/rbsou/Documents/CODE/FLUTTER/flutter_sequencer_plus/ios/third_party/sfizz/build/build/aiff.build/Release-iphoneos/Objects-normal/arm64/aiff_libtool_dependency_info.dat -o /Users/rbsou/Documents/CODE/FLUTTER/flutter_sequencer_plus/ios/third_party/sfizz/build/library/lib/Release/libaiff.a

CompileC /Users/rbsou/Documents/CODE/FLUTTER/flutter_sequencer_plus/ios/third_party/sfizz/build/build/sfizz_parser.build/Release-iphoneos/Objects-normal/arm64/Parser.o /Users/rbsou/Documents/CODE/flutter/flutter_sequencer_plus/ios/third_party/sfizz/src/sfizz/parser/Parser.cpp normal arm64 c++ com.apple.compilers.llvm.clang.1_0.compiler (in target 'sfizz_parser' from project 'libsfizz')
    cd /Users/rbsou/Documents/CODE/flutter/flutter_sequencer_plus/ios/third_party/sfizz
    
    Using response file: /Users/rbsou/Documents/CODE/FLUTTER/flutter_sequencer_plus/ios/third_party/sfizz/build/build/sfizz_parser.build/Release-iphoneos/Objects-normal/arm64/82b82416624d2658e5098eb0a28c15c5-common-args.resp
    
    /Applications/Xcode.app/Contents/Developer/Toolchains/XcodeDefault.xctoolchain/usr/bin/clang -x c++ -ivfsstatcache /var/folders/hm/stpy22mn78n866gmvf98qvgc0000gn/C/com.apple.DeveloperTools/16.3-16E140/Xcode/SDKStatCaches.noindex/iphoneos18.4-22E235-a09501eccf75f892bc376f81961b27ba.sdkstatcache -fmessage-length\=0 -fdiagnostics-show-note-include-stack -fmacro-backtrace-limit\=0 -fno-color-diagnostics -Wno-trigraphs -Wno-missing-field-initializers -Wno-missing-prototypes -Wno-return-type -Wno-non-virtual-dtor -Wno-overloaded-virtual -Wno-exit-time-destructors -Wno-missing-braces -Wparentheses -Wswitch -Wno-unused-function -Wno-unused-label -Wno-unused-parameter -Wno-unused-variable -Wunused-value -Wno-empty-body -Wno-uninitialized -Wno-unknown-pragmas -Wno-shadow -Wno-four-char-constants -Wno-conversion -Wno-constant-conversion -Wno-int-conversion -Wno-bool-conversion -Wno-enum-conversion -Wno-float-conversion -Wno-non-literal-null-conversion -Wno-objc-literal-conversion -Wshorten-64-to-32 -Wno-newline-eof -Wno-c++11-extensions -Wno-implicit-fallthrough -fstrict-aliasing -Wdeprecated-declarations -Winvalid-offsetof -Wno-sign-conversion -Wno-infinite-recursion -Wno-move -Wno-comma -Wno-block-capture-autoreleasing -Wno-strict-prototypes -Wno-range-loop-analysis -Wno-semicolon-before-method-body -Wall -Wextra -Wno-multichar -Werror\=return-type @/Users/rbsou/Documents/CODE/FLUTTER/flutter_sequencer_plus/ios/third_party/sfizz/build/build/sfizz_parser.build/Release-iphoneos/Objects-normal/arm64/82b82416624d2658e5098eb0a28c15c5-common-args.resp -MMD -MT dependencies -MF /Users/rbsou/Documents/CODE/FLUTTER/flutter_sequencer_plus/ios/third_party/sfizz/build/build/sfizz_parser.build/Release-iphoneos/Objects-normal/arm64/Parser.d --serialize-diagnostics /Users/rbsou/Documents/CODE/FLUTTER/flutter_sequencer_plus/ios/third_party/sfizz/build/build/sfizz_parser.build/Release-iphoneos/Objects-normal/arm64/Parser.dia -c /Users/rbsou/Documents/CODE/flutter/flutter_sequencer_plus/ios/third_party/sfizz/src/sfizz/parser/Parser.cpp -o /Users/rbsou/Documents/CODE/FLUTTER/flutter_sequencer_plus/ios/third_party/sfizz/build/build/sfizz_parser.build/Release-iphoneos/Objects-normal/arm64/Parser.o
In file included from /Users/rbsou/Documents/CODE/flutter/flutter_sequencer_plus/ios/third_party/sfizz/src/sfizz/parser/Parser.cpp:7:
In file included from /Users/rbsou/Documents/CODE/flutter/flutter_sequencer_plus/ios/third_party/sfizz/src/sfizz/parser/Parser.h:8:
In file included from /Users/rbsou/Documents/CODE/flutter/flutter_sequencer_plus/ios/third_party/sfizz/src/sfizz/parser/../Opcode.h:8:
In file included from /Users/rbsou/Documents/CODE/flutter/flutter_sequencer_plus/ios/third_party/sfizz/src/sfizz/parser/../Defaults.h:33:
In file included from /Users/rbsou/Documents/CODE/flutter/flutter_sequencer_plus/ios/third_party/sfizz/src/sfizz/parser/../SfzHelpers.h:10:
/Users/rbsou/Documents/CODE/flutter/flutter_sequencer_plus/ios/third_party/sfizz/src/sfizz/parser/../SIMDHelpers.h:109:74: warning: implicit conversion loses integer precision: 'unsigned long const' to 'unsigned int' [-Wshorten-64-to-32]
  109 |     readInterleaved(input.data(), outputLeft.data(), outputRight.data(), size);
      |     ~~~~~~~~~~~~~~~                                                      ^~~~
/Users/rbsou/Documents/CODE/flutter/flutter_sequencer_plus/ios/third_party/sfizz/src/sfizz/parser/../SIMDHelpers.h:128:74: warning: implicit conversion loses integer precision: 'unsigned long const' to 'unsigned int' [-Wshorten-64-to-32]
  128 |     writeInterleaved(inputLeft.data(), inputRight.data(), output.data(), size);
      |     ~~~~~~~~~~~~~~~~                                                     ^~~~

CompileC /Users/rbsou/Documents/CODE/FLUTTER/flutter_sequencer_plus/ios/third_party/sfizz/build/build/sfizz_internal.build/Release-iphoneos/Objects-normal/arm64/Wavetables.o /Users/rbsou/Documents/CODE/flutter/flutter_sequencer_plus/ios/third_party/sfizz/src/sfizz/Wavetables.cpp normal arm64 c++ com.apple.compilers.llvm.clang.1_0.compiler (in target 'sfizz_internal' from project 'libsfizz')
    cd /Users/rbsou/Documents/CODE/flutter/flutter_sequencer_plus/ios/third_party/sfizz
    
    Using response file: /Users/rbsou/Documents/CODE/FLUTTER/flutter_sequencer_plus/ios/third_party/sfizz/build/build/sfizz_internal.build/Release-iphoneos/Objects-normal/arm64/82b82416624d2658e5098eb0a28c15c5-common-args.resp
    
    /Applications/Xcode.app/Contents/Developer/Toolchains/XcodeDefault.xctoolchain/usr/bin/clang -x c++ -ivfsstatcache /var/folders/hm/stpy22mn78n866gmvf98qvgc0000gn/C/com.apple.DeveloperTools/16.3-16E140/Xcode/SDKStatCaches.noindex/iphoneos18.4-22E235-a09501eccf75f892bc376f81961b27ba.sdkstatcache -fmessage-length\=0 -fdiagnostics-show-note-include-stack -fmacro-backtrace-limit\=0 -fno-color-diagnostics -Wno-trigraphs -Wno-missing-field-initializers -Wno-missing-prototypes -Wno-return-type -Wno-non-virtual-dtor -Wno-overloaded-virtual -Wno-exit-time-destructors -Wno-missing-braces -Wparentheses -Wswitch -Wno-unused-function -Wno-unused-label -Wno-unused-parameter -Wno-unused-variable -Wunused-value -Wno-empty-body -Wno-uninitialized -Wno-unknown-pragmas -Wno-shadow -Wno-four-char-constants -Wno-conversion -Wno-constant-conversion -Wno-int-conversion -Wno-bool-conversion -Wno-enum-conversion -Wno-float-conversion -Wno-non-literal-null-conversion -Wno-objc-literal-conversion -Wshorten-64-to-32 -Wno-newline-eof -Wno-c++11-extensions -Wno-implicit-fallthrough -fstrict-aliasing -Wdeprecated-declarations -Winvalid-offsetof -Wno-sign-conversion -Wno-infinite-recursion -Wno-move -Wno-comma -Wno-block-capture-autoreleasing -Wno-strict-prototypes -Wno-range-loop-analysis -Wno-semicolon-before-method-body -Wall -Wextra -Wno-multichar -Werror\=return-type @/Users/rbsou/Documents/CODE/FLUTTER/flutter_sequencer_plus/ios/third_party/sfizz/build/build/sfizz_internal.build/Release-iphoneos/Objects-normal/arm64/82b82416624d2658e5098eb0a28c15c5-common-args.resp -MMD -MT dependencies -MF /Users/rbsou/Documents/CODE/FLUTTER/flutter_sequencer_plus/ios/third_party/sfizz/build/build/sfizz_internal.build/Release-iphoneos/Objects-normal/arm64/Wavetables.d --serialize-diagnostics /Users/rbsou/Documents/CODE/FLUTTER/flutter_sequencer_plus/ios/third_party/sfizz/build/build/sfizz_internal.build/Release-iphoneos/Objects-normal/arm64/Wavetables.dia -c /Users/rbsou/Documents/CODE/flutter/flutter_sequencer_plus/ios/third_party/sfizz/src/sfizz/Wavetables.cpp -o /Users/rbsou/Documents/CODE/FLUTTER/flutter_sequencer_plus/ios/third_party/sfizz/build/build/sfizz_internal.build/Release-iphoneos/Objects-normal/arm64/Wavetables.o
In file included from /Users/rbsou/Documents/CODE/flutter/flutter_sequencer_plus/ios/third_party/sfizz/src/sfizz/Wavetables.cpp:7:
In file included from /Users/rbsou/Documents/CODE/flutter/flutter_sequencer_plus/ios/third_party/sfizz/src/sfizz/Wavetables.h:10:
In file included from /Users/rbsou/Documents/CODE/flutter/flutter_sequencer_plus/ios/third_party/sfizz/src/sfizz/MathHelpers.h:26:
In file included from /Users/rbsou/Documents/CODE/flutter/flutter_sequencer_plus/ios/third_party/sfizz/external/simde/simde/x86/sse.h:33:
In file included from /Users/rbsou/Documents/CODE/flutter/flutter_sequencer_plus/ios/third_party/sfizz/external/simde/simde/x86/mmx.h:30:
/Users/rbsou/Documents/CODE/flutter/flutter_sequencer_plus/ios/third_party/sfizz/external/simde/simde/x86/../simde-common.h:721:8: warning: use of NaN is undefined behavior due to the currently enabled floating-point options [-Wnan-infinity-disabled]
  721 |   if (!simde_math_isnan(x)) {
      |        ^~~~~~~~~~~~~~~~~~~
In file included from /Users/rbsou/Documents/CODE/flutter/flutter_sequencer_plus/ios/third_party/sfizz/src/sfizz/Wavetables.cpp:7:
In file included from /Users/rbsou/Documents/CODE/flutter/flutter_sequencer_plus/ios/third_party/sfizz/src/sfizz/Wavetables.h:10:
In file included from /Users/rbsou/Documents/CODE/flutter/flutter_sequencer_plus/ios/third_party/sfizz/src/sfizz/MathHelpers.h:26:
In file included from /Users/rbsou/Documents/CODE/flutter/flutter_sequencer_plus/ios/third_party/sfizz/external/simde/simde/x86/sse.h:33:
In file included from /Users/rbsou/Documents/CODE/flutter/flutter_sequencer_plus/ios/third_party/sfizz/external/simde/simde/x86/mmx.h:30:
In file included from /Users/rbsou/Documents/CODE/flutter/flutter_sequencer_plus/ios/third_party/sfizz/external/simde/simde/x86/../simde-common.h:45:
/Users/rbsou/Documents/CODE/flutter/flutter_sequencer_plus/ios/third_party/sfizz/external/simde/simde/x86/../simde-math.h:310:33: note: expanded from macro 'simde_math_isnan'
  310 |     #define simde_math_isnan(v) __builtin_isnan(v)
      |                                 ^~~~~~~~~~~~~~~~~~
In file included from /Users/rbsou/Documents/CODE/flutter/flutter_sequencer_plus/ios/third_party/sfizz/src/sfizz/Wavetables.cpp:8:
In file included from /Users/rbsou/Documents/CODE/flutter/flutter_sequencer_plus/ios/third_party/sfizz/src/sfizz/FilePool.h:28:
In file included from /Users/rbsou/Documents/CODE/flutter/flutter_sequencer_plus/ios/third_party/sfizz/src/sfizz/Defaults.h:33:
In file included from /Users/rbsou/Documents/CODE/flutter/flutter_sequencer_plus/ios/third_party/sfizz/src/sfizz/SfzHelpers.h:10:
/Users/rbsou/Documents/CODE/flutter/flutter_sequencer_plus/ios/third_party/sfizz/src/sfizz/SIMDHelpers.h:109:74: warning: implicit conversion loses integer precision: 'unsigned long const' to 'unsigned int' [-Wshorten-64-to-32]
  109 |     readInterleaved(input.data(), outputLeft.data(), outputRight.data(), size);
      |     ~~~~~~~~~~~~~~~                                                      ^~~~
/Users/rbsou/Documents/CODE/flutter/flutter_sequencer_plus/ios/third_party/sfizz/src/sfizz/SIMDHelpers.h:128:74: warning: implicit conversion loses integer precision: 'unsigned long const' to 'unsigned int' [-Wshorten-64-to-32]
  128 |     writeInterleaved(inputLeft.data(), inputRight.data(), output.data(), size);
      |     ~~~~~~~~~~~~~~~~                                                     ^~~~
In file included from /Users/rbsou/Documents/CODE/flutter/flutter_sequencer_plus/ios/third_party/sfizz/src/sfizz/Wavetables.cpp:8:
In file included from /Users/rbsou/Documents/CODE/flutter/flutter_sequencer_plus/ios/third_party/sfizz/src/sfizz/FilePool.h:43:
/Users/rbsou/Documents/CODE/flutter/flutter_sequencer_plus/ios/third_party/sfizz/external/atomic_queue/include/atomic_queue/atomic_queue.h:394:31: error: a template argument list is expected after a name prefixed by the template keyword [-Wmissing-template-arg-list-after-template-kw]
  394 |         return Base::template do_pop_any(states_[index], elements_[index]);
      |                               ^
/Users/rbsou/Documents/CODE/flutter/flutter_sequencer_plus/ios/third_party/sfizz/external/atomic_queue/include/atomic_queue/atomic_queue.h:400:24: error: a template argument list is expected after a name prefixed by the template keyword [-Wmissing-template-arg-list-after-template-kw]
  400 |         Base::template do_push_any(std::forward<U>(element), states_[index], elements_[index]);
      |                        ^
/Users/rbsou/Documents/CODE/flutter/flutter_sequencer_plus/ios/third_party/sfizz/external/atomic_queue/include/atomic_queue/atomic_queue.h:522:31: error: a template argument list is expected after a name prefixed by the template keyword [-Wmissing-template-arg-list-after-template-kw]
  522 |         return Base::template do_pop_any(states_[index], elements_[index]);
      |                               ^
/Users/rbsou/Documents/CODE/flutter/flutter_sequencer_plus/ios/third_party/sfizz/external/atomic_queue/include/atomic_queue/atomic_queue.h:528:24: error: a template argument list is expected after a name prefixed by the template keyword [-Wmissing-template-arg-list-after-template-kw]
  528 |         Base::template do_push_any(std::forward<U>(element), states_[index], elements_[index]);
      |                        ^
/Users/rbsou/Documents/CODE/flutter/flutter_sequencer_plus/ios/third_party/sfizz/src/sfizz/Wavetables.cpp:198:41: warning: implicit conversion loses integer precision: 'size_t' (aka 'unsigned long') to 'int' [-Wshorten-64-to-32]
  198 |     kiss_fftr_cfg cfg = kiss_fftr_alloc(size, true, nullptr, nullptr);
      |                         ~~~~~~~~~~~~~~~ ^~~~
/Users/rbsou/Documents/CODE/flutter/flutter_sequencer_plus/ios/third_party/sfizz/src/sfizz/Wavetables.cpp:542:41: warning: implicit conversion loses integer precision: 'size_t' (aka 'unsigned long') to 'int' [-Wshorten-64-to-32]
  542 |     kiss_fftr_cfg cfg = kiss_fftr_alloc(fftSize, false, nullptr, nullptr);
      |                         ~~~~~~~~~~~~~~~ ^~~~~~~
5 warnings and 4 errors generated.

CompileC /Users/rbsou/Documents/CODE/FLUTTER/flutter_sequencer_plus/ios/third_party/sfizz/build/build/sfizz_internal.build/Release-iphoneos/Objects-normal/arm64/VoiceManager.o /Users/rbsou/Documents/CODE/flutter/flutter_sequencer_plus/ios/third_party/sfizz/src/sfizz/VoiceManager.cpp normal arm64 c++ com.apple.compilers.llvm.clang.1_0.compiler (in target 'sfizz_internal' from project 'libsfizz')
    cd /Users/rbsou/Documents/CODE/flutter/flutter_sequencer_plus/ios/third_party/sfizz
    
    Using response file: /Users/rbsou/Documents/CODE/FLUTTER/flutter_sequencer_plus/ios/third_party/sfizz/build/build/sfizz_internal.build/Release-iphoneos/Objects-normal/arm64/82b82416624d2658e5098eb0a28c15c5-common-args.resp
    
    /Applications/Xcode.app/Contents/Developer/Toolchains/XcodeDefault.xctoolchain/usr/bin/clang -x c++ -ivfsstatcache /var/folders/hm/stpy22mn78n866gmvf98qvgc0000gn/C/com.apple.DeveloperTools/16.3-16E140/Xcode/SDKStatCaches.noindex/iphoneos18.4-22E235-a09501eccf75f892bc376f81961b27ba.sdkstatcache -fmessage-length\=0 -fdiagnostics-show-note-include-stack -fmacro-backtrace-limit\=0 -fno-color-diagnostics -Wno-trigraphs -Wno-missing-field-initializers -Wno-missing-prototypes -Wno-return-type -Wno-non-virtual-dtor -Wno-overloaded-virtual -Wno-exit-time-destructors -Wno-missing-braces -Wparentheses -Wswitch -Wno-unused-function -Wno-unused-label -Wno-unused-parameter -Wno-unused-variable -Wunused-value -Wno-empty-body -Wno-uninitialized -Wno-unknown-pragmas -Wno-shadow -Wno-four-char-constants -Wno-conversion -Wno-constant-conversion -Wno-int-conversion -Wno-bool-conversion -Wno-enum-conversion -Wno-float-conversion -Wno-non-literal-null-conversion -Wno-objc-literal-conversion -Wshorten-64-to-32 -Wno-newline-eof -Wno-c++11-extensions -Wno-implicit-fallthrough -fstrict-aliasing -Wdeprecated-declarations -Winvalid-offsetof -Wno-sign-conversion -Wno-infinite-recursion -Wno-move -Wno-comma -Wno-block-capture-autoreleasing -Wno-strict-prototypes -Wno-range-loop-analysis -Wno-semicolon-before-method-body -Wall -Wextra -Wno-multichar -Werror\=return-type @/Users/rbsou/Documents/CODE/FLUTTER/flutter_sequencer_plus/ios/third_party/sfizz/build/build/sfizz_internal.build/Release-iphoneos/Objects-normal/arm64/82b82416624d2658e5098eb0a28c15c5-common-args.resp -MMD -MT dependencies -MF /Users/rbsou/Documents/CODE/FLUTTER/flutter_sequencer_plus/ios/third_party/sfizz/build/build/sfizz_internal.build/Release-iphoneos/Objects-normal/arm64/VoiceManager.d --serialize-diagnostics /Users/rbsou/Documents/CODE/FLUTTER/flutter_sequencer_plus/ios/third_party/sfizz/build/build/sfizz_internal.build/Release-iphoneos/Objects-normal/arm64/VoiceManager.dia -c /Users/rbsou/Documents/CODE/flutter/flutter_sequencer_plus/ios/third_party/sfizz/src/sfizz/VoiceManager.cpp -o /Users/rbsou/Documents/CODE/FLUTTER/flutter_sequencer_plus/ios/third_party/sfizz/build/build/sfizz_internal.build/Release-iphoneos/Objects-normal/arm64/VoiceManager.o
In file included from /Users/rbsou/Documents/CODE/flutter/flutter_sequencer_plus/ios/third_party/sfizz/src/sfizz/VoiceManager.cpp:7:
In file included from /Users/rbsou/Documents/CODE/flutter/flutter_sequencer_plus/ios/third_party/sfizz/src/sfizz/VoiceManager.h:11:
In file included from /Users/rbsou/Documents/CODE/flutter/flutter_sequencer_plus/ios/third_party/sfizz/src/sfizz/PolyphonyGroup.h:10:
In file included from /Users/rbsou/Documents/CODE/flutter/flutter_sequencer_plus/ios/third_party/sfizz/src/sfizz/Region.h:8:
In file included from /Users/rbsou/Documents/CODE/flutter/flutter_sequencer_plus/ios/third_party/sfizz/src/sfizz/CCMap.h:8:
In file included from /Users/rbsou/Documents/CODE/flutter/flutter_sequencer_plus/ios/third_party/sfizz/src/sfizz/SfzHelpers.h:9:
In file included from /Users/rbsou/Documents/CODE/flutter/flutter_sequencer_plus/ios/third_party/sfizz/src/sfizz/MathHelpers.h:26:
In file included from /Users/rbsou/Documents/CODE/flutter/flutter_sequencer_plus/ios/third_party/sfizz/external/simde/simde/x86/sse.h:33:
In file included from /Users/rbsou/Documents/CODE/flutter/flutter_sequencer_plus/ios/third_party/sfizz/external/simde/simde/x86/mmx.h:30:
/Users/rbsou/Documents/CODE/flutter/flutter_sequencer_plus/ios/third_party/sfizz/external/simde/simde/x86/../simde-common.h:721:8: warning: use of NaN is undefined behavior due to the currently enabled floating-point options [-Wnan-infinity-disabled]
  721 |   if (!simde_math_isnan(x)) {
      |        ^~~~~~~~~~~~~~~~~~~
In file included from /Users/rbsou/Documents/CODE/flutter/flutter_sequencer_plus/ios/third_party/sfizz/src/sfizz/VoiceManager.cpp:7:
In file included from /Users/rbsou/Documents/CODE/flutter/flutter_sequencer_plus/ios/third_party/sfizz/src/sfizz/VoiceManager.h:11:
In file included from /Users/rbsou/Documents/CODE/flutter/flutter_sequencer_plus/ios/third_party/sfizz/src/sfizz/PolyphonyGroup.h:10:
In file included from /Users/rbsou/Documents/CODE/flutter/flutter_sequencer_plus/ios/third_party/sfizz/src/sfizz/Region.h:8:
In file included from /Users/rbsou/Documents/CODE/flutter/flutter_sequencer_plus/ios/third_party/sfizz/src/sfizz/CCMap.h:8:
In file included from /Users/rbsou/Documents/CODE/flutter/flutter_sequencer_plus/ios/third_party/sfizz/src/sfizz/SfzHelpers.h:9:
In file included from /Users/rbsou/Documents/CODE/flutter/flutter_sequencer_plus/ios/third_party/sfizz/src/sfizz/MathHelpers.h:26:
In file included from /Users/rbsou/Documents/CODE/flutter/flutter_sequencer_plus/ios/third_party/sfizz/external/simde/simde/x86/sse.h:33:
In file included from /Users/rbsou/Documents/CODE/flutter/flutter_sequencer_plus/ios/third_party/sfizz/external/simde/simde/x86/mmx.h:30:
In file included from /Users/rbsou/Documents/CODE/flutter/flutter_sequencer_plus/ios/third_party/sfizz/external/simde/simde/x86/../simde-common.h:45:
/Users/rbsou/Documents/CODE/flutter/flutter_sequencer_plus/ios/third_party/sfizz/external/simde/simde/x86/../simde-math.h:310:33: note: expanded from macro 'simde_math_isnan'
  310 |     #define simde_math_isnan(v) __builtin_isnan(v)
      |                                 ^~~~~~~~~~~~~~~~~~
In file included from /Users/rbsou/Documents/CODE/flutter/flutter_sequencer_plus/ios/third_party/sfizz/src/sfizz/VoiceManager.cpp:7:
In file included from /Users/rbsou/Documents/CODE/flutter/flutter_sequencer_plus/ios/third_party/sfizz/src/sfizz/VoiceManager.h:11:
In file included from /Users/rbsou/Documents/CODE/flutter/flutter_sequencer_plus/ios/third_party/sfizz/src/sfizz/PolyphonyGroup.h:10:
In file included from /Users/rbsou/Documents/CODE/flutter/flutter_sequencer_plus/ios/third_party/sfizz/src/sfizz/Region.h:8:
In file included from /Users/rbsou/Documents/CODE/flutter/flutter_sequencer_plus/ios/third_party/sfizz/src/sfizz/CCMap.h:8:
In file included from /Users/rbsou/Documents/CODE/flutter/flutter_sequencer_plus/ios/third_party/sfizz/src/sfizz/SfzHelpers.h:10:
/Users/rbsou/Documents/CODE/flutter/flutter_sequencer_plus/ios/third_party/sfizz/src/sfizz/SIMDHelpers.h:109:74: warning: implicit conversion loses integer precision: 'unsigned long const' to 'unsigned int' [-Wshorten-64-to-32]
  109 |     readInterleaved(input.data(), outputLeft.data(), outputRight.data(), size);
      |     ~~~~~~~~~~~~~~~                                                      ^~~~
/Users/rbsou/Documents/CODE/flutter/flutter_sequencer_plus/ios/third_party/sfizz/src/sfizz/SIMDHelpers.h:128:74: warning: implicit conversion loses integer precision: 'unsigned long const' to 'unsigned int' [-Wshorten-64-to-32]
  128 |     writeInterleaved(inputLeft.data(), inputRight.data(), output.data(), size);
      |     ~~~~~~~~~~~~~~~~                                                     ^~~~
/Users/rbsou/Documents/CODE/flutter/flutter_sequencer_plus/ios/third_party/sfizz/src/sfizz/VoiceManager.cpp:19:40: warning: implicit conversion loses integer precision: 'const int64_t' (aka 'const long long') to 'const uint32_t' (aka 'const unsigned int') [-Wshorten-64-to-32]
   19 |         const uint32_t group = region->group;
      |                        ~~~~~   ~~~~~~~~^~~~~
/Users/rbsou/Documents/CODE/flutter/flutter_sequencer_plus/ios/third_party/sfizz/src/sfizz/VoiceManager.cpp:27:40: warning: implicit conversion loses integer precision: 'const int64_t' (aka 'const long long') to 'const uint32_t' (aka 'const unsigned int') [-Wshorten-64-to-32]
   27 |         const uint32_t group = region->group;
      |                        ~~~~~   ~~~~~~~~^~~~~
/Users/rbsou/Documents/CODE/flutter/flutter_sequencer_plus/ios/third_party/sfizz/src/sfizz/VoiceManager.cpp:259:44: warning: implicit conversion loses integer precision: 'const int64_t' (aka 'const long long') to 'key_arg<int>' (aka 'int') [-Wshorten-64-to-32]
  259 |     auto& group = polyphonyGroups_[region->group];
      |                   ~~~~~~~~~~~~~~~~ ~~~~~~~~^~~~~

CompileC /Users/rbsou/Documents/CODE/FLUTTER/flutter_sequencer_plus/ios/third_party/sfizz/build/build/sfizz_internal.build/Release-iphoneos/Objects-normal/arm64/Voice.o /Users/rbsou/Documents/CODE/flutter/flutter_sequencer_plus/ios/third_party/sfizz/src/sfizz/Voice.cpp normal arm64 c++ com.apple.compilers.llvm.clang.1_0.compiler (in target 'sfizz_internal' from project 'libsfizz')
    cd /Users/rbsou/Documents/CODE/flutter/flutter_sequencer_plus/ios/third_party/sfizz
    
    Using response file: /Users/rbsou/Documents/CODE/FLUTTER/flutter_sequencer_plus/ios/third_party/sfizz/build/build/sfizz_internal.build/Release-iphoneos/Objects-normal/arm64/82b82416624d2658e5098eb0a28c15c5-common-args.resp
    
    /Applications/Xcode.app/Contents/Developer/Toolchains/XcodeDefault.xctoolchain/usr/bin/clang -x c++ -ivfsstatcache /var/folders/hm/stpy22mn78n866gmvf98qvgc0000gn/C/com.apple.DeveloperTools/16.3-16E140/Xcode/SDKStatCaches.noindex/iphoneos18.4-22E235-a09501eccf75f892bc376f81961b27ba.sdkstatcache -fmessage-length\=0 -fdiagnostics-show-note-include-stack -fmacro-backtrace-limit\=0 -fno-color-diagnostics -Wno-trigraphs -Wno-missing-field-initializers -Wno-missing-prototypes -Wno-return-type -Wno-non-virtual-dtor -Wno-overloaded-virtual -Wno-exit-time-destructors -Wno-missing-braces -Wparentheses -Wswitch -Wno-unused-function -Wno-unused-label -Wno-unused-parameter -Wno-unused-variable -Wunused-value -Wno-empty-body -Wno-uninitialized -Wno-unknown-pragmas -Wno-shadow -Wno-four-char-constants -Wno-conversion -Wno-constant-conversion -Wno-int-conversion -Wno-bool-conversion -Wno-enum-conversion -Wno-float-conversion -Wno-non-literal-null-conversion -Wno-objc-literal-conversion -Wshorten-64-to-32 -Wno-newline-eof -Wno-c++11-extensions -Wno-implicit-fallthrough -fstrict-aliasing -Wdeprecated-declarations -Winvalid-offsetof -Wno-sign-conversion -Wno-infinite-recursion -Wno-move -Wno-comma -Wno-block-capture-autoreleasing -Wno-strict-prototypes -Wno-range-loop-analysis -Wno-semicolon-before-method-body -Wall -Wextra -Wno-multichar -Werror\=return-type @/Users/rbsou/Documents/CODE/FLUTTER/flutter_sequencer_plus/ios/third_party/sfizz/build/build/sfizz_internal.build/Release-iphoneos/Objects-normal/arm64/82b82416624d2658e5098eb0a28c15c5-common-args.resp -MMD -MT dependencies -MF /Users/rbsou/Documents/CODE/FLUTTER/flutter_sequencer_plus/ios/third_party/sfizz/build/build/sfizz_internal.build/Release-iphoneos/Objects-normal/arm64/Voice.d --serialize-diagnostics /Users/rbsou/Documents/CODE/FLUTTER/flutter_sequencer_plus/ios/third_party/sfizz/build/build/sfizz_internal.build/Release-iphoneos/Objects-normal/arm64/Voice.dia -c /Users/rbsou/Documents/CODE/flutter/flutter_sequencer_plus/ios/third_party/sfizz/src/sfizz/Voice.cpp -o /Users/rbsou/Documents/CODE/FLUTTER/flutter_sequencer_plus/ios/third_party/sfizz/build/build/sfizz_internal.build/Release-iphoneos/Objects-normal/arm64/Voice.o
In file included from /Users/rbsou/Documents/CODE/flutter/flutter_sequencer_plus/ios/third_party/sfizz/src/sfizz/Voice.cpp:7:
In file included from /Users/rbsou/Documents/CODE/flutter/flutter_sequencer_plus/ios/third_party/sfizz/src/sfizz/Voice.h:8:
In file included from /Users/rbsou/Documents/CODE/flutter/flutter_sequencer_plus/ios/third_party/sfizz/src/sfizz/ADSREnvelope.h:8:
In file included from /Users/rbsou/Documents/CODE/flutter/flutter_sequencer_plus/ios/third_party/sfizz/src/sfizz/Region.h:8:
In file included from /Users/rbsou/Documents/CODE/flutter/flutter_sequencer_plus/ios/third_party/sfizz/src/sfizz/CCMap.h:8:
In file included from /Users/rbsou/Documents/CODE/flutter/flutter_sequencer_plus/ios/third_party/sfizz/src/sfizz/SfzHelpers.h:9:
In file included from /Users/rbsou/Documents/CODE/flutter/flutter_sequencer_plus/ios/third_party/sfizz/src/sfizz/MathHelpers.h:26:
In file included from /Users/rbsou/Documents/CODE/flutter/flutter_sequencer_plus/ios/third_party/sfizz/external/simde/simde/x86/sse.h:33:
In file included from /Users/rbsou/Documents/CODE/flutter/flutter_sequencer_plus/ios/third_party/sfizz/external/simde/simde/x86/mmx.h:30:
/Users/rbsou/Documents/CODE/flutter/flutter_sequencer_plus/ios/third_party/sfizz/external/simde/simde/x86/../simde-common.h:721:8: warning: use of NaN is undefined behavior due to the currently enabled floating-point options [-Wnan-infinity-disabled]
  721 |   if (!simde_math_isnan(x)) {
      |        ^~~~~~~~~~~~~~~~~~~
In file included from /Users/rbsou/Documents/CODE/flutter/flutter_sequencer_plus/ios/third_party/sfizz/src/sfizz/Voice.cpp:7:
In file included from /Users/rbsou/Documents/CODE/flutter/flutter_sequencer_plus/ios/third_party/sfizz/src/sfizz/Voice.h:8:
In file included from /Users/rbsou/Documents/CODE/flutter/flutter_sequencer_plus/ios/third_party/sfizz/src/sfizz/ADSREnvelope.h:8:
In file included from /Users/rbsou/Documents/CODE/flutter/flutter_sequencer_plus/ios/third_party/sfizz/src/sfizz/Region.h:8:
In file included from /Users/rbsou/Documents/CODE/flutter/flutter_sequencer_plus/ios/third_party/sfizz/src/sfizz/CCMap.h:8:
In file included from /Users/rbsou/Documents/CODE/flutter/flutter_sequencer_plus/ios/third_party/sfizz/src/sfizz/SfzHelpers.h:9:
In file included from /Users/rbsou/Documents/CODE/flutter/flutter_sequencer_plus/ios/third_party/sfizz/src/sfizz/MathHelpers.h:26:
In file included from /Users/rbsou/Documents/CODE/flutter/flutter_sequencer_plus/ios/third_party/sfizz/external/simde/simde/x86/sse.h:33:
In file included from /Users/rbsou/Documents/CODE/flutter/flutter_sequencer_plus/ios/third_party/sfizz/external/simde/simde/x86/mmx.h:30:
In file included from /Users/rbsou/Documents/CODE/flutter/flutter_sequencer_plus/ios/third_party/sfizz/external/simde/simde/x86/../simde-common.h:45:
/Users/rbsou/Documents/CODE/flutter/flutter_sequencer_plus/ios/third_party/sfizz/external/simde/simde/x86/../simde-math.h:310:33: note: expanded from macro 'simde_math_isnan'
  310 |     #define simde_math_isnan(v) __builtin_isnan(v)
      |                                 ^~~~~~~~~~~~~~~~~~
In file included from /Users/rbsou/Documents/CODE/flutter/flutter_sequencer_plus/ios/third_party/sfizz/src/sfizz/Voice.cpp:7:
In file included from /Users/rbsou/Documents/CODE/flutter/flutter_sequencer_plus/ios/third_party/sfizz/src/sfizz/Voice.h:8:
In file included from /Users/rbsou/Documents/CODE/flutter/flutter_sequencer_plus/ios/third_party/sfizz/src/sfizz/ADSREnvelope.h:8:
In file included from /Users/rbsou/Documents/CODE/flutter/flutter_sequencer_plus/ios/third_party/sfizz/src/sfizz/Region.h:8:
In file included from /Users/rbsou/Documents/CODE/flutter/flutter_sequencer_plus/ios/third_party/sfizz/src/sfizz/CCMap.h:8:
In file included from /Users/rbsou/Documents/CODE/flutter/flutter_sequencer_plus/ios/third_party/sfizz/src/sfizz/SfzHelpers.h:10:
/Users/rbsou/Documents/CODE/flutter/flutter_sequencer_plus/ios/third_party/sfizz/src/sfizz/SIMDHelpers.h:109:74: warning: implicit conversion loses integer precision: 'unsigned long const' to 'unsigned int' [-Wshorten-64-to-32]
  109 |     readInterleaved(input.data(), outputLeft.data(), outputRight.data(), size);
      |     ~~~~~~~~~~~~~~~                                                      ^~~~
/Users/rbsou/Documents/CODE/flutter/flutter_sequencer_plus/ios/third_party/sfizz/src/sfizz/SIMDHelpers.h:128:74: warning: implicit conversion loses integer precision: 'unsigned long const' to 'unsigned int' [-Wshorten-64-to-32]
  128 |     writeInterleaved(inputLeft.data(), inputRight.data(), output.data(), size);
      |     ~~~~~~~~~~~~~~~~                                                     ^~~~
In file included from /Users/rbsou/Documents/CODE/flutter/flutter_sequencer_plus/ios/third_party/sfizz/src/sfizz/Voice.cpp:25:
/Users/rbsou/Documents/CODE/flutter/flutter_sequencer_plus/ios/third_party/sfizz/src/sfizz/Panning.h:31:68: warning: implicit conversion loses integer precision: 'size_t' (aka 'unsigned long') to 'unsigned int' [-Wshorten-64-to-32]
   31 |     pan(panEnvelope.data(), leftBuffer.data(), rightBuffer.data(), minSpanSize(panEnvelope, leftBuffer, rightBuffer));
      |     ~~~                                                            ^~~~~~~~~~~~~~~~~~~~~~~~~~~~~~~~~~~~~~~~~~~~~~~~~
/Users/rbsou/Documents/CODE/flutter/flutter_sequencer_plus/ios/third_party/sfizz/src/sfizz/Panning.h:47:72: warning: implicit conversion loses integer precision: 'size_t' (aka 'unsigned long') to 'unsigned int' [-Wshorten-64-to-32]
   47 |     width(widthEnvelope.data(), leftBuffer.data(), rightBuffer.data(), minSpanSize(widthEnvelope, leftBuffer, rightBuffer));
      |     ~~~~~                                                              ^~~~~~~~~~~~~~~~~~~~~~~~~~~~~~~~~~~~~~~~~~~~~~~~~~~

CompileC /Users/rbsou/Documents/CODE/FLUTTER/flutter_sequencer_plus/ios/third_party/sfizz/build/build/sfizz_internal.build/Release-iphoneos/Objects-normal/arm64/SynthMessaging.o /Users/rbsou/Documents/CODE/flutter/flutter_sequencer_plus/ios/third_party/sfizz/src/sfizz/SynthMessaging.cpp normal arm64 c++ com.apple.compilers.llvm.clang.1_0.compiler (in target 'sfizz_internal' from project 'libsfizz')
    cd /Users/rbsou/Documents/CODE/flutter/flutter_sequencer_plus/ios/third_party/sfizz
    
    Using response file: /Users/rbsou/Documents/CODE/FLUTTER/flutter_sequencer_plus/ios/third_party/sfizz/build/build/sfizz_internal.build/Release-iphoneos/Objects-normal/arm64/82b82416624d2658e5098eb0a28c15c5-common-args.resp
    
    /Applications/Xcode.app/Contents/Developer/Toolchains/XcodeDefault.xctoolchain/usr/bin/clang -x c++ -ivfsstatcache /var/folders/hm/stpy22mn78n866gmvf98qvgc0000gn/C/com.apple.DeveloperTools/16.3-16E140/Xcode/SDKStatCaches.noindex/iphoneos18.4-22E235-a09501eccf75f892bc376f81961b27ba.sdkstatcache -fmessage-length\=0 -fdiagnostics-show-note-include-stack -fmacro-backtrace-limit\=0 -fno-color-diagnostics -Wno-trigraphs -Wno-missing-field-initializers -Wno-missing-prototypes -Wno-return-type -Wno-non-virtual-dtor -Wno-overloaded-virtual -Wno-exit-time-destructors -Wno-missing-braces -Wparentheses -Wswitch -Wno-unused-function -Wno-unused-label -Wno-unused-parameter -Wno-unused-variable -Wunused-value -Wno-empty-body -Wno-uninitialized -Wno-unknown-pragmas -Wno-shadow -Wno-four-char-constants -Wno-conversion -Wno-constant-conversion -Wno-int-conversion -Wno-bool-conversion -Wno-enum-conversion -Wno-float-conversion -Wno-non-literal-null-conversion -Wno-objc-literal-conversion -Wshorten-64-to-32 -Wno-newline-eof -Wno-c++11-extensions -Wno-implicit-fallthrough -fstrict-aliasing -Wdeprecated-declarations -Winvalid-offsetof -Wno-sign-conversion -Wno-infinite-recursion -Wno-move -Wno-comma -Wno-block-capture-autoreleasing -Wno-strict-prototypes -Wno-range-loop-analysis -Wno-semicolon-before-method-body -Wall -Wextra -Wno-multichar -Werror\=return-type @/Users/rbsou/Documents/CODE/FLUTTER/flutter_sequencer_plus/ios/third_party/sfizz/build/build/sfizz_internal.build/Release-iphoneos/Objects-normal/arm64/82b82416624d2658e5098eb0a28c15c5-common-args.resp -MMD -MT dependencies -MF /Users/rbsou/Documents/CODE/FLUTTER/flutter_sequencer_plus/ios/third_party/sfizz/build/build/sfizz_internal.build/Release-iphoneos/Objects-normal/arm64/SynthMessaging.d --serialize-diagnostics /Users/rbsou/Documents/CODE/FLUTTER/flutter_sequencer_plus/ios/third_party/sfizz/build/build/sfizz_internal.build/Release-iphoneos/Objects-normal/arm64/SynthMessaging.dia -c /Users/rbsou/Documents/CODE/flutter/flutter_sequencer_plus/ios/third_party/sfizz/src/sfizz/SynthMessaging.cpp -o /Users/rbsou/Documents/CODE/FLUTTER/flutter_sequencer_plus/ios/third_party/sfizz/build/build/sfizz_internal.build/Release-iphoneos/Objects-normal/arm64/SynthMessaging.o
In file included from /Users/rbsou/Documents/CODE/flutter/flutter_sequencer_plus/ios/third_party/sfizz/src/sfizz/SynthMessaging.cpp:7:
In file included from /Users/rbsou/Documents/CODE/flutter/flutter_sequencer_plus/ios/third_party/sfizz/src/sfizz/SynthPrivate.h:3:
In file included from /Users/rbsou/Documents/CODE/flutter/flutter_sequencer_plus/ios/third_party/sfizz/src/sfizz/Synth.h:8:
In file included from /Users/rbsou/Documents/CODE/flutter/flutter_sequencer_plus/ios/third_party/sfizz/src/sfizz/AudioSpan.h:8:
In file included from /Users/rbsou/Documents/CODE/flutter/flutter_sequencer_plus/ios/third_party/sfizz/src/sfizz/AudioBuffer.h:10:
In file included from /Users/rbsou/Documents/CODE/flutter/flutter_sequencer_plus/ios/third_party/sfizz/src/sfizz/SIMDHelpers.h:28:
In file included from /Users/rbsou/Documents/CODE/flutter/flutter_sequencer_plus/ios/third_party/sfizz/src/sfizz/Range.h:8:
In file included from /Users/rbsou/Documents/CODE/flutter/flutter_sequencer_plus/ios/third_party/sfizz/src/sfizz/MathHelpers.h:26:
In file included from /Users/rbsou/Documents/CODE/flutter/flutter_sequencer_plus/ios/third_party/sfizz/external/simde/simde/x86/sse.h:33:
In file included from /Users/rbsou/Documents/CODE/flutter/flutter_sequencer_plus/ios/third_party/sfizz/external/simde/simde/x86/mmx.h:30:
/Users/rbsou/Documents/CODE/flutter/flutter_sequencer_plus/ios/third_party/sfizz/external/simde/simde/x86/../simde-common.h:721:8: warning: use of NaN is undefined behavior due to the currently enabled floating-point options [-Wnan-infinity-disabled]
  721 |   if (!simde_math_isnan(x)) {
      |        ^~~~~~~~~~~~~~~~~~~
In file included from /Users/rbsou/Documents/CODE/flutter/flutter_sequencer_plus/ios/third_party/sfizz/src/sfizz/SynthMessaging.cpp:7:
In file included from /Users/rbsou/Documents/CODE/flutter/flutter_sequencer_plus/ios/third_party/sfizz/src/sfizz/SynthPrivate.h:3:
In file included from /Users/rbsou/Documents/CODE/flutter/flutter_sequencer_plus/ios/third_party/sfizz/src/sfizz/Synth.h:8:
In file included from /Users/rbsou/Documents/CODE/flutter/flutter_sequencer_plus/ios/third_party/sfizz/src/sfizz/AudioSpan.h:8:
In file included from /Users/rbsou/Documents/CODE/flutter/flutter_sequencer_plus/ios/third_party/sfizz/src/sfizz/AudioBuffer.h:10:
In file included from /Users/rbsou/Documents/CODE/flutter/flutter_sequencer_plus/ios/third_party/sfizz/src/sfizz/SIMDHelpers.h:28:
In file included from /Users/rbsou/Documents/CODE/flutter/flutter_sequencer_plus/ios/third_party/sfizz/src/sfizz/Range.h:8:
In file included from /Users/rbsou/Documents/CODE/flutter/flutter_sequencer_plus/ios/third_party/sfizz/src/sfizz/MathHelpers.h:26:
In file included from /Users/rbsou/Documents/CODE/flutter/flutter_sequencer_plus/ios/third_party/sfizz/external/simde/simde/x86/sse.h:33:
In file included from /Users/rbsou/Documents/CODE/flutter/flutter_sequencer_plus/ios/third_party/sfizz/external/simde/simde/x86/mmx.h:30:
In file included from /Users/rbsou/Documents/CODE/flutter/flutter_sequencer_plus/ios/third_party/sfizz/external/simde/simde/x86/../simde-common.h:45:
/Users/rbsou/Documents/CODE/flutter/flutter_sequencer_plus/ios/third_party/sfizz/external/simde/simde/x86/../simde-math.h:310:33: note: expanded from macro 'simde_math_isnan'
  310 |     #define simde_math_isnan(v) __builtin_isnan(v)
      |                                 ^~~~~~~~~~~~~~~~~~
In file included from /Users/rbsou/Documents/CODE/flutter/flutter_sequencer_plus/ios/third_party/sfizz/src/sfizz/SynthMessaging.cpp:7:
In file included from /Users/rbsou/Documents/CODE/flutter/flutter_sequencer_plus/ios/third_party/sfizz/src/sfizz/SynthPrivate.h:3:
In file included from /Users/rbsou/Documents/CODE/flutter/flutter_sequencer_plus/ios/third_party/sfizz/src/sfizz/Synth.h:8:
In file included from /Users/rbsou/Documents/CODE/flutter/flutter_sequencer_plus/ios/third_party/sfizz/src/sfizz/AudioSpan.h:8:
In file included from /Users/rbsou/Documents/CODE/flutter/flutter_sequencer_plus/ios/third_party/sfizz/src/sfizz/AudioBuffer.h:10:
/Users/rbsou/Documents/CODE/flutter/flutter_sequencer_plus/ios/third_party/sfizz/src/sfizz/SIMDHelpers.h:109:74: warning: implicit conversion loses integer precision: 'unsigned long const' to 'unsigned int' [-Wshorten-64-to-32]
  109 |     readInterleaved(input.data(), outputLeft.data(), outputRight.data(), size);
      |     ~~~~~~~~~~~~~~~                                                      ^~~~
/Users/rbsou/Documents/CODE/flutter/flutter_sequencer_plus/ios/third_party/sfizz/src/sfizz/SIMDHelpers.h:128:74: warning: implicit conversion loses integer precision: 'unsigned long const' to 'unsigned int' [-Wshorten-64-to-32]
  128 |     writeInterleaved(inputLeft.data(), inputRight.data(), output.data(), size);
      |     ~~~~~~~~~~~~~~~~                                                     ^~~~
In file included from /Users/rbsou/Documents/CODE/flutter/flutter_sequencer_plus/ios/third_party/sfizz/src/sfizz/SynthMessaging.cpp:7:
In file included from /Users/rbsou/Documents/CODE/flutter/flutter_sequencer_plus/ios/third_party/sfizz/src/sfizz/SynthPrivate.h:3:
/Users/rbsou/Documents/CODE/flutter/flutter_sequencer_plus/ios/third_party/sfizz/src/sfizz/Synth.h:606:80: warning: implicit conversion loses integer precision: 'size_t' (aka 'unsigned long') to 'int' [-Wshorten-64-to-32]
  606 |     int getAllocatedBuffers() const noexcept { return Buffer<float>::counter().getNumBuffers(); }
      |                                                ~~~~~~ ~~~~~~~~~~~~~~~~~~~~~~~~~^~~~~~~~~~~~~~~
/Users/rbsou/Documents/CODE/flutter/flutter_sequencer_plus/ios/third_party/sfizz/src/sfizz/Synth.h:613:78: warning: implicit conversion loses integer precision: 'size_t' (aka 'unsigned long') to 'int' [-Wshorten-64-to-32]
  613 |     int getAllocatedBytes() const noexcept { return Buffer<float>::counter().getTotalBytes(); }
      |                                              ~~~~~~ ~~~~~~~~~~~~~~~~~~~~~~~~~^~~~~~~~~~~~~~~

CompileC /Users/rbsou/Documents/CODE/FLUTTER/flutter_sequencer_plus/ios/third_party/sfizz/build/build/sfizz_internal.build/Release-iphoneos/Objects-normal/arm64/Synth.o /Users/rbsou/Documents/CODE/flutter/flutter_sequencer_plus/ios/third_party/sfizz/src/sfizz/Synth.cpp normal arm64 c++ com.apple.compilers.llvm.clang.1_0.compiler (in target 'sfizz_internal' from project 'libsfizz')
    cd /Users/rbsou/Documents/CODE/flutter/flutter_sequencer_plus/ios/third_party/sfizz
    
    Using response file: /Users/rbsou/Documents/CODE/FLUTTER/flutter_sequencer_plus/ios/third_party/sfizz/build/build/sfizz_internal.build/Release-iphoneos/Objects-normal/arm64/82b82416624d2658e5098eb0a28c15c5-common-args.resp
    
    /Applications/Xcode.app/Contents/Developer/Toolchains/XcodeDefault.xctoolchain/usr/bin/clang -x c++ -ivfsstatcache /var/folders/hm/stpy22mn78n866gmvf98qvgc0000gn/C/com.apple.DeveloperTools/16.3-16E140/Xcode/SDKStatCaches.noindex/iphoneos18.4-22E235-a09501eccf75f892bc376f81961b27ba.sdkstatcache -fmessage-length\=0 -fdiagnostics-show-note-include-stack -fmacro-backtrace-limit\=0 -fno-color-diagnostics -Wno-trigraphs -Wno-missing-field-initializers -Wno-missing-prototypes -Wno-return-type -Wno-non-virtual-dtor -Wno-overloaded-virtual -Wno-exit-time-destructors -Wno-missing-braces -Wparentheses -Wswitch -Wno-unused-function -Wno-unused-label -Wno-unused-parameter -Wno-unused-variable -Wunused-value -Wno-empty-body -Wno-uninitialized -Wno-unknown-pragmas -Wno-shadow -Wno-four-char-constants -Wno-conversion -Wno-constant-conversion -Wno-int-conversion -Wno-bool-conversion -Wno-enum-conversion -Wno-float-conversion -Wno-non-literal-null-conversion -Wno-objc-literal-conversion -Wshorten-64-to-32 -Wno-newline-eof -Wno-c++11-extensions -Wno-implicit-fallthrough -fstrict-aliasing -Wdeprecated-declarations -Winvalid-offsetof -Wno-sign-conversion -Wno-infinite-recursion -Wno-move -Wno-comma -Wno-block-capture-autoreleasing -Wno-strict-prototypes -Wno-range-loop-analysis -Wno-semicolon-before-method-body -Wall -Wextra -Wno-multichar -Werror\=return-type @/Users/rbsou/Documents/CODE/FLUTTER/flutter_sequencer_plus/ios/third_party/sfizz/build/build/sfizz_internal.build/Release-iphoneos/Objects-normal/arm64/82b82416624d2658e5098eb0a28c15c5-common-args.resp -MMD -MT dependencies -MF /Users/rbsou/Documents/CODE/FLUTTER/flutter_sequencer_plus/ios/third_party/sfizz/build/build/sfizz_internal.build/Release-iphoneos/Objects-normal/arm64/Synth.d --serialize-diagnostics /Users/rbsou/Documents/CODE/FLUTTER/flutter_sequencer_plus/ios/third_party/sfizz/build/build/sfizz_internal.build/Release-iphoneos/Objects-normal/arm64/Synth.dia -c /Users/rbsou/Documents/CODE/flutter/flutter_sequencer_plus/ios/third_party/sfizz/src/sfizz/Synth.cpp -o /Users/rbsou/Documents/CODE/FLUTTER/flutter_sequencer_plus/ios/third_party/sfizz/build/build/sfizz_internal.build/Release-iphoneos/Objects-normal/arm64/Synth.o
In file included from /Users/rbsou/Documents/CODE/flutter/flutter_sequencer_plus/ios/third_party/sfizz/src/sfizz/Synth.cpp:7:
In file included from /Users/rbsou/Documents/CODE/flutter/flutter_sequencer_plus/ios/third_party/sfizz/src/sfizz/SynthPrivate.h:3:
In file included from /Users/rbsou/Documents/CODE/flutter/flutter_sequencer_plus/ios/third_party/sfizz/src/sfizz/Synth.h:8:
In file included from /Users/rbsou/Documents/CODE/flutter/flutter_sequencer_plus/ios/third_party/sfizz/src/sfizz/AudioSpan.h:8:
In file included from /Users/rbsou/Documents/CODE/flutter/flutter_sequencer_plus/ios/third_party/sfizz/src/sfizz/AudioBuffer.h:10:
In file included from /Users/rbsou/Documents/CODE/flutter/flutter_sequencer_plus/ios/third_party/sfizz/src/sfizz/SIMDHelpers.h:28:
In file included from /Users/rbsou/Documents/CODE/flutter/flutter_sequencer_plus/ios/third_party/sfizz/src/sfizz/Range.h:8:
In file included from /Users/rbsou/Documents/CODE/flutter/flutter_sequencer_plus/ios/third_party/sfizz/src/sfizz/MathHelpers.h:26:
In file included from /Users/rbsou/Documents/CODE/flutter/flutter_sequencer_plus/ios/third_party/sfizz/external/simde/simde/x86/sse.h:33:
In file included from /Users/rbsou/Documents/CODE/flutter/flutter_sequencer_plus/ios/third_party/sfizz/external/simde/simde/x86/mmx.h:30:
/Users/rbsou/Documents/CODE/flutter/flutter_sequencer_plus/ios/third_party/sfizz/external/simde/simde/x86/../simde-common.h:721:8: warning: use of NaN is undefined behavior due to the currently enabled floating-point options [-Wnan-infinity-disabled]
  721 |   if (!simde_math_isnan(x)) {
      |        ^~~~~~~~~~~~~~~~~~~
In file included from /Users/rbsou/Documents/CODE/flutter/flutter_sequencer_plus/ios/third_party/sfizz/src/sfizz/Synth.cpp:7:
In file included from /Users/rbsou/Documents/CODE/flutter/flutter_sequencer_plus/ios/third_party/sfizz/src/sfizz/SynthPrivate.h:3:
In file included from /Users/rbsou/Documents/CODE/flutter/flutter_sequencer_plus/ios/third_party/sfizz/src/sfizz/Synth.h:8:
In file included from /Users/rbsou/Documents/CODE/flutter/flutter_sequencer_plus/ios/third_party/sfizz/src/sfizz/AudioSpan.h:8:
In file included from /Users/rbsou/Documents/CODE/flutter/flutter_sequencer_plus/ios/third_party/sfizz/src/sfizz/AudioBuffer.h:10:
In file included from /Users/rbsou/Documents/CODE/flutter/flutter_sequencer_plus/ios/third_party/sfizz/src/sfizz/SIMDHelpers.h:28:
In file included from /Users/rbsou/Documents/CODE/flutter/flutter_sequencer_plus/ios/third_party/sfizz/src/sfizz/Range.h:8:
In file included from /Users/rbsou/Documents/CODE/flutter/flutter_sequencer_plus/ios/third_party/sfizz/src/sfizz/MathHelpers.h:26:
In file included from /Users/rbsou/Documents/CODE/flutter/flutter_sequencer_plus/ios/third_party/sfizz/external/simde/simde/x86/sse.h:33:
In file included from /Users/rbsou/Documents/CODE/flutter/flutter_sequencer_plus/ios/third_party/sfizz/external/simde/simde/x86/mmx.h:30:
In file included from /Users/rbsou/Documents/CODE/flutter/flutter_sequencer_plus/ios/third_party/sfizz/external/simde/simde/x86/../simde-common.h:45:
/Users/rbsou/Documents/CODE/flutter/flutter_sequencer_plus/ios/third_party/sfizz/external/simde/simde/x86/../simde-math.h:310:33: note: expanded from macro 'simde_math_isnan'
  310 |     #define simde_math_isnan(v) __builtin_isnan(v)
      |                                 ^~~~~~~~~~~~~~~~~~
In file included from /Users/rbsou/Documents/CODE/flutter/flutter_sequencer_plus/ios/third_party/sfizz/src/sfizz/Synth.cpp:7:
In file included from /Users/rbsou/Documents/CODE/flutter/flutter_sequencer_plus/ios/third_party/sfizz/src/sfizz/SynthPrivate.h:3:
In file included from /Users/rbsou/Documents/CODE/flutter/flutter_sequencer_plus/ios/third_party/sfizz/src/sfizz/Synth.h:8:
In file included from /Users/rbsou/Documents/CODE/flutter/flutter_sequencer_plus/ios/third_party/sfizz/src/sfizz/AudioSpan.h:8:
In file included from /Users/rbsou/Documents/CODE/flutter/flutter_sequencer_plus/ios/third_party/sfizz/src/sfizz/AudioBuffer.h:10:
/Users/rbsou/Documents/CODE/flutter/flutter_sequencer_plus/ios/third_party/sfizz/src/sfizz/SIMDHelpers.h:109:74: warning: implicit conversion loses integer precision: 'unsigned long const' to 'unsigned int' [-Wshorten-64-to-32]
  109 |     readInterleaved(input.data(), outputLeft.data(), outputRight.data(), size);
      |     ~~~~~~~~~~~~~~~                                                      ^~~~
/Users/rbsou/Documents/CODE/flutter/flutter_sequencer_plus/ios/third_party/sfizz/src/sfizz/SIMDHelpers.h:128:74: warning: implicit conversion loses integer precision: 'unsigned long const' to 'unsigned int' [-Wshorten-64-to-32]
  128 |     writeInterleaved(inputLeft.data(), inputRight.data(), output.data(), size);
      |     ~~~~~~~~~~~~~~~~                                                     ^~~~
In file included from /Users/rbsou/Documents/CODE/flutter/flutter_sequencer_plus/ios/third_party/sfizz/src/sfizz/Synth.cpp:7:
In file included from /Users/rbsou/Documents/CODE/flutter/flutter_sequencer_plus/ios/third_party/sfizz/src/sfizz/SynthPrivate.h:3:
/Users/rbsou/Documents/CODE/flutter/flutter_sequencer_plus/ios/third_party/sfizz/src/sfizz/Synth.h:606:80: warning: implicit conversion loses integer precision: 'size_t' (aka 'unsigned long') to 'int' [-Wshorten-64-to-32]
  606 |     int getAllocatedBuffers() const noexcept { return Buffer<float>::counter().getNumBuffers(); }
      |                                                ~~~~~~ ~~~~~~~~~~~~~~~~~~~~~~~~~^~~~~~~~~~~~~~~
/Users/rbsou/Documents/CODE/flutter/flutter_sequencer_plus/ios/third_party/sfizz/src/sfizz/Synth.h:613:78: warning: implicit conversion loses integer precision: 'size_t' (aka 'unsigned long') to 'int' [-Wshorten-64-to-32]
  613 |     int getAllocatedBytes() const noexcept { return Buffer<float>::counter().getTotalBytes(); }
      |                                              ~~~~~~ ~~~~~~~~~~~~~~~~~~~~~~~~~^~~~~~~~~~~~~~~
In file included from /Users/rbsou/Documents/CODE/flutter/flutter_sequencer_plus/ios/third_party/sfizz/src/sfizz/Synth.cpp:20:
In file included from /Users/rbsou/Documents/CODE/flutter/flutter_sequencer_plus/ios/third_party/sfizz/src/sfizz/FilePool.h:43:
/Users/rbsou/Documents/CODE/flutter/flutter_sequencer_plus/ios/third_party/sfizz/external/atomic_queue/include/atomic_queue/atomic_queue.h:394:31: error: a template argument list is expected after a name prefixed by the template keyword [-Wmissing-template-arg-list-after-template-kw]
  394 |         return Base::template do_pop_any(states_[index], elements_[index]);
      |                               ^
/Users/rbsou/Documents/CODE/flutter/flutter_sequencer_plus/ios/third_party/sfizz/external/atomic_queue/include/atomic_queue/atomic_queue.h:400:24: error: a template argument list is expected after a name prefixed by the template keyword [-Wmissing-template-arg-list-after-template-kw]
  400 |         Base::template do_push_any(std::forward<U>(element), states_[index], elements_[index]);
      |                        ^
/Users/rbsou/Documents/CODE/flutter/flutter_sequencer_plus/ios/third_party/sfizz/external/atomic_queue/include/atomic_queue/atomic_queue.h:522:31: error: a template argument list is expected after a name prefixed by the template keyword [-Wmissing-template-arg-list-after-template-kw]
  522 |         return Base::template do_pop_any(states_[index], elements_[index]);
      |                               ^
/Users/rbsou/Documents/CODE/flutter/flutter_sequencer_plus/ios/third_party/sfizz/external/atomic_queue/include/atomic_queue/atomic_queue.h:528:24: error: a template argument list is expected after a name prefixed by the template keyword [-Wmissing-template-arg-list-after-template-kw]
  528 |         Base::template do_push_any(std::forward<U>(element), states_[index], elements_[index]);
      |                        ^

CompileC /Users/rbsou/Documents/CODE/FLUTTER/flutter_sequencer_plus/ios/third_party/sfizz/build/build/sfizz_internal.build/Release-iphoneos/Objects-normal/arm64/Strings.o /Users/rbsou/Documents/CODE/flutter/flutter_sequencer_plus/ios/third_party/sfizz/src/sfizz/effects/Strings.cpp normal arm64 c++ com.apple.compilers.llvm.clang.1_0.compiler (in target 'sfizz_internal' from project 'libsfizz')
    cd /Users/rbsou/Documents/CODE/flutter/flutter_sequencer_plus/ios/third_party/sfizz
    
    Using response file: /Users/rbsou/Documents/CODE/FLUTTER/flutter_sequencer_plus/ios/third_party/sfizz/build/build/sfizz_internal.build/Release-iphoneos/Objects-normal/arm64/82b82416624d2658e5098eb0a28c15c5-common-args.resp
    
    /Applications/Xcode.app/Contents/Developer/Toolchains/XcodeDefault.xctoolchain/usr/bin/clang -x c++ -ivfsstatcache /var/folders/hm/stpy22mn78n866gmvf98qvgc0000gn/C/com.apple.DeveloperTools/16.3-16E140/Xcode/SDKStatCaches.noindex/iphoneos18.4-22E235-a09501eccf75f892bc376f81961b27ba.sdkstatcache -fmessage-length\=0 -fdiagnostics-show-note-include-stack -fmacro-backtrace-limit\=0 -fno-color-diagnostics -Wno-trigraphs -Wno-missing-field-initializers -Wno-missing-prototypes -Wno-return-type -Wno-non-virtual-dtor -Wno-overloaded-virtual -Wno-exit-time-destructors -Wno-missing-braces -Wparentheses -Wswitch -Wno-unused-function -Wno-unused-label -Wno-unused-parameter -Wno-unused-variable -Wunused-value -Wno-empty-body -Wno-uninitialized -Wno-unknown-pragmas -Wno-shadow -Wno-four-char-constants -Wno-conversion -Wno-constant-conversion -Wno-int-conversion -Wno-bool-conversion -Wno-enum-conversion -Wno-float-conversion -Wno-non-literal-null-conversion -Wno-objc-literal-conversion -Wshorten-64-to-32 -Wno-newline-eof -Wno-c++11-extensions -Wno-implicit-fallthrough -fstrict-aliasing -Wdeprecated-declarations -Winvalid-offsetof -Wno-sign-conversion -Wno-infinite-recursion -Wno-move -Wno-comma -Wno-block-capture-autoreleasing -Wno-strict-prototypes -Wno-range-loop-analysis -Wno-semicolon-before-method-body -Wall -Wextra -Wno-multichar -Werror\=return-type @/Users/rbsou/Documents/CODE/FLUTTER/flutter_sequencer_plus/ios/third_party/sfizz/build/build/sfizz_internal.build/Release-iphoneos/Objects-normal/arm64/82b82416624d2658e5098eb0a28c15c5-common-args.resp -MMD -MT dependencies -MF /Users/rbsou/Documents/CODE/FLUTTER/flutter_sequencer_plus/ios/third_party/sfizz/build/build/sfizz_internal.build/Release-iphoneos/Objects-normal/arm64/Strings.d --serialize-diagnostics /Users/rbsou/Documents/CODE/FLUTTER/flutter_sequencer_plus/ios/third_party/sfizz/build/build/sfizz_internal.build/Release-iphoneos/Objects-normal/arm64/Strings.dia -c /Users/rbsou/Documents/CODE/flutter/flutter_sequencer_plus/ios/third_party/sfizz/src/sfizz/effects/Strings.cpp -o /Users/rbsou/Documents/CODE/FLUTTER/flutter_sequencer_plus/ios/third_party/sfizz/build/build/sfizz_internal.build/Release-iphoneos/Objects-normal/arm64/Strings.o
In file included from /Users/rbsou/Documents/CODE/flutter/flutter_sequencer_plus/ios/third_party/sfizz/src/sfizz/effects/Strings.cpp:18:
In file included from /Users/rbsou/Documents/CODE/flutter/flutter_sequencer_plus/ios/third_party/sfizz/src/sfizz/effects/Strings.h:8:
In file included from /Users/rbsou/Documents/CODE/flutter/flutter_sequencer_plus/ios/third_party/sfizz/src/sfizz/Effects.h:8:
In file included from /Users/rbsou/Documents/CODE/flutter/flutter_sequencer_plus/ios/third_party/sfizz/src/sfizz/AudioBuffer.h:10:
In file included from /Users/rbsou/Documents/CODE/flutter/flutter_sequencer_plus/ios/third_party/sfizz/src/sfizz/SIMDHelpers.h:28:
In file included from /Users/rbsou/Documents/CODE/flutter/flutter_sequencer_plus/ios/third_party/sfizz/src/sfizz/Range.h:8:
In file included from /Users/rbsou/Documents/CODE/flutter/flutter_sequencer_plus/ios/third_party/sfizz/src/sfizz/MathHelpers.h:26:
In file included from /Users/rbsou/Documents/CODE/flutter/flutter_sequencer_plus/ios/third_party/sfizz/external/simde/simde/x86/sse.h:33:
In file included from /Users/rbsou/Documents/CODE/flutter/flutter_sequencer_plus/ios/third_party/sfizz/external/simde/simde/x86/mmx.h:30:
/Users/rbsou/Documents/CODE/flutter/flutter_sequencer_plus/ios/third_party/sfizz/external/simde/simde/x86/../simde-common.h:721:8: warning: use of NaN is undefined behavior due to the currently enabled floating-point options [-Wnan-infinity-disabled]
  721 |   if (!simde_math_isnan(x)) {
      |        ^~~~~~~~~~~~~~~~~~~
In file included from /Users/rbsou/Documents/CODE/flutter/flutter_sequencer_plus/ios/third_party/sfizz/src/sfizz/effects/Strings.cpp:18:
In file included from /Users/rbsou/Documents/CODE/flutter/flutter_sequencer_plus/ios/third_party/sfizz/src/sfizz/effects/Strings.h:8:
In file included from /Users/rbsou/Documents/CODE/flutter/flutter_sequencer_plus/ios/third_party/sfizz/src/sfizz/Effects.h:8:
In file included from /Users/rbsou/Documents/CODE/flutter/flutter_sequencer_plus/ios/third_party/sfizz/src/sfizz/AudioBuffer.h:10:
In file included from /Users/rbsou/Documents/CODE/flutter/flutter_sequencer_plus/ios/third_party/sfizz/src/sfizz/SIMDHelpers.h:28:
In file included from /Users/rbsou/Documents/CODE/flutter/flutter_sequencer_plus/ios/third_party/sfizz/src/sfizz/Range.h:8:
In file included from /Users/rbsou/Documents/CODE/flutter/flutter_sequencer_plus/ios/third_party/sfizz/src/sfizz/MathHelpers.h:26:
In file included from /Users/rbsou/Documents/CODE/flutter/flutter_sequencer_plus/ios/third_party/sfizz/external/simde/simde/x86/sse.h:33:
In file included from /Users/rbsou/Documents/CODE/flutter/flutter_sequencer_plus/ios/third_party/sfizz/external/simde/simde/x86/mmx.h:30:
In file included from /Users/rbsou/Documents/CODE/flutter/flutter_sequencer_plus/ios/third_party/sfizz/external/simde/simde/x86/../simde-common.h:45:
/Users/rbsou/Documents/CODE/flutter/flutter_sequencer_plus/ios/third_party/sfizz/external/simde/simde/x86/../simde-math.h:310:33: note: expanded from macro 'simde_math_isnan'
  310 |     #define simde_math_isnan(v) __builtin_isnan(v)
      |                                 ^~~~~~~~~~~~~~~~~~
In file included from /Users/rbsou/Documents/CODE/flutter/flutter_sequencer_plus/ios/third_party/sfizz/src/sfizz/effects/Strings.cpp:18:
In file included from /Users/rbsou/Documents/CODE/flutter/flutter_sequencer_plus/ios/third_party/sfizz/src/sfizz/effects/Strings.h:8:
In file included from /Users/rbsou/Documents/CODE/flutter/flutter_sequencer_plus/ios/third_party/sfizz/src/sfizz/Effects.h:8:
In file included from /Users/rbsou/Documents/CODE/flutter/flutter_sequencer_plus/ios/third_party/sfizz/src/sfizz/AudioBuffer.h:10:
/Users/rbsou/Documents/CODE/flutter/flutter_sequencer_plus/ios/third_party/sfizz/src/sfizz/SIMDHelpers.h:109:74: warning: implicit conversion loses integer precision: 'unsigned long const' to 'unsigned int' [-Wshorten-64-to-32]
  109 |     readInterleaved(input.data(), outputLeft.data(), outputRight.data(), size);
      |     ~~~~~~~~~~~~~~~                                                      ^~~~
/Users/rbsou/Documents/CODE/flutter/flutter_sequencer_plus/ios/third_party/sfizz/src/sfizz/SIMDHelpers.h:128:74: warning: implicit conversion loses integer precision: 'unsigned long const' to 'unsigned int' [-Wshorten-64-to-32]
  128 |     writeInterleaved(inputLeft.data(), inputRight.data(), output.data(), size);
      |     ~~~~~~~~~~~~~~~~                                                     ^~~~
/Users/rbsou/Documents/CODE/flutter/flutter_sequencer_plus/ios/third_party/sfizz/src/sfizz/SIMDHelpers.h:147:42: warning: implicit conversion loses integer precision: 'size_type' (aka 'unsigned long') to 'unsigned int' [-Wshorten-64-to-32]
  147 |     fill<T>(output.data(), value, output.size());
      |     ~~~~                          ~~~~~~~^~~~~~
/Users/rbsou/Documents/CODE/flutter/flutter_sequencer_plus/ios/third_party/sfizz/src/sfizz/effects/Strings.cpp:70:14: note: in instantiation of function template specialization 'sfz::fill<float>' requested here
   70 |         sfz::fill(bandwidths, 1.0f);
      |              ^
In file included from /Users/rbsou/Documents/CODE/flutter/flutter_sequencer_plus/ios/third_party/sfizz/src/sfizz/effects/Strings.cpp:18:
In file included from /Users/rbsou/Documents/CODE/flutter/flutter_sequencer_plus/ios/third_party/sfizz/src/sfizz/effects/Strings.h:8:
In file included from /Users/rbsou/Documents/CODE/flutter/flutter_sequencer_plus/ios/third_party/sfizz/src/sfizz/Effects.h:8:
In file included from /Users/rbsou/Documents/CODE/flutter/flutter_sequencer_plus/ios/third_party/sfizz/src/sfizz/AudioBuffer.h:10:
/Users/rbsou/Documents/CODE/flutter/flutter_sequencer_plus/ios/third_party/sfizz/src/sfizz/SIMDHelpers.h:171:54: warning: implicit conversion loses integer precision: 'size_t' (aka 'unsigned long') to 'unsigned int' [-Wshorten-64-to-32]
  171 |     applyGain1<T>(gain, input.data(), output.data(), minSpanSize(input, output));
      |     ~~~~~~~~~~                                       ^~~~~~~~~~~~~~~~~~~~~~~~~~
/Users/rbsou/Documents/CODE/flutter/flutter_sequencer_plus/ios/third_party/sfizz/src/sfizz/effects/Strings.cpp:106:14: note: in instantiation of function template specialization 'sfz::applyGain1<float>' requested here
  106 |         sfz::applyGain1<float>(M_SQRT1_2, inputL, resInput);
      |              ^
In file included from /Users/rbsou/Documents/CODE/flutter/flutter_sequencer_plus/ios/third_party/sfizz/src/sfizz/effects/Strings.cpp:18:
In file included from /Users/rbsou/Documents/CODE/flutter/flutter_sequencer_plus/ios/third_party/sfizz/src/sfizz/effects/Strings.h:8:
In file included from /Users/rbsou/Documents/CODE/flutter/flutter_sequencer_plus/ios/third_party/sfizz/src/sfizz/Effects.h:8:
In file included from /Users/rbsou/Documents/CODE/flutter/flutter_sequencer_plus/ios/third_party/sfizz/src/sfizz/AudioBuffer.h:10:
/Users/rbsou/Documents/CODE/flutter/flutter_sequencer_plus/ios/third_party/sfizz/src/sfizz/SIMDHelpers.h:325:56: warning: implicit conversion loses integer precision: 'size_t' (aka 'unsigned long') to 'unsigned int' [-Wshorten-64-to-32]
  325 |     multiplyAdd1<T>(gain, input.data(), output.data(), minSpanSize(input, output));
      |     ~~~~~~~~~~~~                                       ^~~~~~~~~~~~~~~~~~~~~~~~~~
/Users/rbsou/Documents/CODE/flutter/flutter_sequencer_plus/ios/third_party/sfizz/src/sfizz/effects/Strings.cpp:107:14: note: in instantiation of function template specialization 'sfz::multiplyAdd1<float>' requested here
  107 |         sfz::multiplyAdd1<float>(M_SQRT1_2, inputR, resInput);
      |              ^
In file included from /Users/rbsou/Documents/CODE/flutter/flutter_sequencer_plus/ios/third_party/sfizz/src/sfizz/effects/Strings.cpp:18:
In file included from /Users/rbsou/Documents/CODE/flutter/flutter_sequencer_plus/ios/third_party/sfizz/src/sfizz/effects/Strings.h:8:
In file included from /Users/rbsou/Documents/CODE/flutter/flutter_sequencer_plus/ios/third_party/sfizz/src/sfizz/Effects.h:8:
In file included from /Users/rbsou/Documents/CODE/flutter/flutter_sequencer_plus/ios/third_party/sfizz/src/sfizz/AudioBuffer.h:10:
/Users/rbsou/Documents/CODE/flutter/flutter_sequencer_plus/ios/third_party/sfizz/src/sfizz/SIMDHelpers.h:543:42: warning: implicit conversion loses integer precision: 'size_t' (aka 'unsigned long') to 'unsigned int' [-Wshorten-64-to-32]
  543 |     copy<T>(input.data(), output.data(), minSpanSize(input, output));
      |     ~~~~                                 ^~~~~~~~~~~~~~~~~~~~~~~~~~
/Users/rbsou/Documents/CODE/flutter/flutter_sequencer_plus/ios/third_party/sfizz/src/sfizz/effects/Strings.cpp:121:14: note: in instantiation of function template specialization 'sfz::copy<float>' requested here
  121 |         sfz::copy(inputL, outputL);
      |              ^
In file included from /Users/rbsou/Documents/CODE/flutter/flutter_sequencer_plus/ios/third_party/sfizz/src/sfizz/effects/Strings.cpp:18:
In file included from /Users/rbsou/Documents/CODE/flutter/flutter_sequencer_plus/ios/third_party/sfizz/src/sfizz/effects/Strings.h:8:
In file included from /Users/rbsou/Documents/CODE/flutter/flutter_sequencer_plus/ios/third_party/sfizz/src/sfizz/Effects.h:8:
In file included from /Users/rbsou/Documents/CODE/flutter/flutter_sequencer_plus/ios/third_party/sfizz/src/sfizz/AudioBuffer.h:10:
/Users/rbsou/Documents/CODE/flutter/flutter_sequencer_plus/ios/third_party/sfizz/src/sfizz/SIMDHelpers.h:300:62: warning: implicit conversion loses integer precision: 'size_t' (aka 'unsigned long') to 'unsigned int' [-Wshorten-64-to-32]
  300 |     multiplyAdd<T>(gain.data(), input.data(), output.data(), minSpanSize(gain, input, output));
      |     ~~~~~~~~~~~                                              ^~~~~~~~~~~~~~~~~~~~~~~~~~~~~~~~
/Users/rbsou/Documents/CODE/flutter/flutter_sequencer_plus/ios/third_party/sfizz/src/sfizz/effects/Strings.cpp:123:14: note: in instantiation of function template specialization 'sfz::multiplyAdd<float>' requested here
  123 |         sfz::multiplyAdd<float>(wet, resOutput, outputL);
      |              ^
8 warnings generated.

CompileC /Users/rbsou/Documents/CODE/FLUTTER/flutter_sequencer_plus/ios/third_party/sfizz/build/build/sfizz_internal.build/Release-iphoneos/Objects-normal/arm64/Smoothers.o /Users/rbsou/Documents/CODE/flutter/flutter_sequencer_plus/ios/third_party/sfizz/src/sfizz/Smoothers.cpp normal arm64 c++ com.apple.compilers.llvm.clang.1_0.compiler (in target 'sfizz_internal' from project 'libsfizz')
    cd /Users/rbsou/Documents/CODE/flutter/flutter_sequencer_plus/ios/third_party/sfizz
    
    Using response file: /Users/rbsou/Documents/CODE/FLUTTER/flutter_sequencer_plus/ios/third_party/sfizz/build/build/sfizz_internal.build/Release-iphoneos/Objects-normal/arm64/82b82416624d2658e5098eb0a28c15c5-common-args.resp
    
    /Applications/Xcode.app/Contents/Developer/Toolchains/XcodeDefault.xctoolchain/usr/bin/clang -x c++ -ivfsstatcache /var/folders/hm/stpy22mn78n866gmvf98qvgc0000gn/C/com.apple.DeveloperTools/16.3-16E140/Xcode/SDKStatCaches.noindex/iphoneos18.4-22E235-a09501eccf75f892bc376f81961b27ba.sdkstatcache -fmessage-length\=0 -fdiagnostics-show-note-include-stack -fmacro-backtrace-limit\=0 -fno-color-diagnostics -Wno-trigraphs -Wno-missing-field-initializers -Wno-missing-prototypes -Wno-return-type -Wno-non-virtual-dtor -Wno-overloaded-virtual -Wno-exit-time-destructors -Wno-missing-braces -Wparentheses -Wswitch -Wno-unused-function -Wno-unused-label -Wno-unused-parameter -Wno-unused-variable -Wunused-value -Wno-empty-body -Wno-uninitialized -Wno-unknown-pragmas -Wno-shadow -Wno-four-char-constants -Wno-conversion -Wno-constant-conversion -Wno-int-conversion -Wno-bool-conversion -Wno-enum-conversion -Wno-float-conversion -Wno-non-literal-null-conversion -Wno-objc-literal-conversion -Wshorten-64-to-32 -Wno-newline-eof -Wno-c++11-extensions -Wno-implicit-fallthrough -fstrict-aliasing -Wdeprecated-declarations -Winvalid-offsetof -Wno-sign-conversion -Wno-infinite-recursion -Wno-move -Wno-comma -Wno-block-capture-autoreleasing -Wno-strict-prototypes -Wno-range-loop-analysis -Wno-semicolon-before-method-body -Wall -Wextra -Wno-multichar -Werror\=return-type @/Users/rbsou/Documents/CODE/FLUTTER/flutter_sequencer_plus/ios/third_party/sfizz/build/build/sfizz_internal.build/Release-iphoneos/Objects-normal/arm64/82b82416624d2658e5098eb0a28c15c5-common-args.resp -MMD -MT dependencies -MF /Users/rbsou/Documents/CODE/FLUTTER/flutter_sequencer_plus/ios/third_party/sfizz/build/build/sfizz_internal.build/Release-iphoneos/Objects-normal/arm64/Smoothers.d --serialize-diagnostics /Users/rbsou/Documents/CODE/FLUTTER/flutter_sequencer_plus/ios/third_party/sfizz/build/build/sfizz_internal.build/Release-iphoneos/Objects-normal/arm64/Smoothers.dia -c /Users/rbsou/Documents/CODE/flutter/flutter_sequencer_plus/ios/third_party/sfizz/src/sfizz/Smoothers.cpp -o /Users/rbsou/Documents/CODE/FLUTTER/flutter_sequencer_plus/ios/third_party/sfizz/build/build/sfizz_internal.build/Release-iphoneos/Objects-normal/arm64/Smoothers.o
In file included from /Users/rbsou/Documents/CODE/flutter/flutter_sequencer_plus/ios/third_party/sfizz/src/sfizz/Smoothers.cpp:7:
In file included from /Users/rbsou/Documents/CODE/flutter/flutter_sequencer_plus/ios/third_party/sfizz/src/sfizz/Smoothers.h:9:
In file included from /Users/rbsou/Documents/CODE/flutter/flutter_sequencer_plus/ios/third_party/sfizz/src/sfizz/OnePoleFilter.h:9:
In file included from /Users/rbsou/Documents/CODE/flutter/flutter_sequencer_plus/ios/third_party/sfizz/src/sfizz/MathHelpers.h:26:
In file included from /Users/rbsou/Documents/CODE/flutter/flutter_sequencer_plus/ios/third_party/sfizz/external/simde/simde/x86/sse.h:33:
In file included from /Users/rbsou/Documents/CODE/flutter/flutter_sequencer_plus/ios/third_party/sfizz/external/simde/simde/x86/mmx.h:30:
/Users/rbsou/Documents/CODE/flutter/flutter_sequencer_plus/ios/third_party/sfizz/external/simde/simde/x86/../simde-common.h:721:8: warning: use of NaN is undefined behavior due to the currently enabled floating-point options [-Wnan-infinity-disabled]
  721 |   if (!simde_math_isnan(x)) {
      |        ^~~~~~~~~~~~~~~~~~~
In file included from /Users/rbsou/Documents/CODE/flutter/flutter_sequencer_plus/ios/third_party/sfizz/src/sfizz/Smoothers.cpp:7:
In file included from /Users/rbsou/Documents/CODE/flutter/flutter_sequencer_plus/ios/third_party/sfizz/src/sfizz/Smoothers.h:9:
In file included from /Users/rbsou/Documents/CODE/flutter/flutter_sequencer_plus/ios/third_party/sfizz/src/sfizz/OnePoleFilter.h:9:
In file included from /Users/rbsou/Documents/CODE/flutter/flutter_sequencer_plus/ios/third_party/sfizz/src/sfizz/MathHelpers.h:26:
In file included from /Users/rbsou/Documents/CODE/flutter/flutter_sequencer_plus/ios/third_party/sfizz/external/simde/simde/x86/sse.h:33:
In file included from /Users/rbsou/Documents/CODE/flutter/flutter_sequencer_plus/ios/third_party/sfizz/external/simde/simde/x86/mmx.h:30:
In file included from /Users/rbsou/Documents/CODE/flutter/flutter_sequencer_plus/ios/third_party/sfizz/external/simde/simde/x86/../simde-common.h:45:
/Users/rbsou/Documents/CODE/flutter/flutter_sequencer_plus/ios/third_party/sfizz/external/simde/simde/x86/../simde-math.h:310:33: note: expanded from macro 'simde_math_isnan'
  310 |     #define simde_math_isnan(v) __builtin_isnan(v)
      |                                 ^~~~~~~~~~~~~~~~~~
In file included from /Users/rbsou/Documents/CODE/flutter/flutter_sequencer_plus/ios/third_party/sfizz/src/sfizz/Smoothers.cpp:10:
In file included from /Users/rbsou/Documents/CODE/flutter/flutter_sequencer_plus/ios/third_party/sfizz/src/sfizz/SfzHelpers.h:10:
/Users/rbsou/Documents/CODE/flutter/flutter_sequencer_plus/ios/third_party/sfizz/src/sfizz/SIMDHelpers.h:109:74: warning: implicit conversion loses integer precision: 'unsigned long const' to 'unsigned int' [-Wshorten-64-to-32]
  109 |     readInterleaved(input.data(), outputLeft.data(), outputRight.data(), size);
      |     ~~~~~~~~~~~~~~~                                                      ^~~~
/Users/rbsou/Documents/CODE/flutter/flutter_sequencer_plus/ios/third_party/sfizz/src/sfizz/SIMDHelpers.h:128:74: warning: implicit conversion loses integer precision: 'unsigned long const' to 'unsigned int' [-Wshorten-64-to-32]
  128 |     writeInterleaved(inputLeft.data(), inputRight.data(), output.data(), size);
      |     ~~~~~~~~~~~~~~~~                                                     ^~~~
/Users/rbsou/Documents/CODE/flutter/flutter_sequencer_plus/ios/third_party/sfizz/src/sfizz/SIMDHelpers.h:543:42: warning: implicit conversion loses integer precision: 'size_t' (aka 'unsigned long') to 'unsigned int' [-Wshorten-64-to-32]
  543 |     copy<T>(input.data(), output.data(), minSpanSize(input, output));
      |     ~~~~                                 ^~~~~~~~~~~~~~~~~~~~~~~~~~
/Users/rbsou/Documents/CODE/flutter/flutter_sequencer_plus/ios/third_party/sfizz/src/sfizz/Smoothers.cpp:56:13: note: in instantiation of function template specialization 'sfz::copy<float>' requested here
   56 |             copy<float>(input, output);
      |             ^
In file included from /Users/rbsou/Documents/CODE/flutter/flutter_sequencer_plus/ios/third_party/sfizz/src/sfizz/Smoothers.cpp:7:
In file included from /Users/rbsou/Documents/CODE/flutter/flutter_sequencer_plus/ios/third_party/sfizz/src/sfizz/Smoothers.h:9:
/Users/rbsou/Documents/CODE/flutter/flutter_sequencer_plus/ios/third_party/sfizz/src/sfizz/OnePoleFilter.h:38:53: warning: implicit conversion loses integer precision: 'size_t' (aka 'unsigned long') to 'unsigned int' [-Wshorten-64-to-32]
   38 |         processLowpass(input.data(), output.data(), minSpanSize(input, output));
      |         ~~~~~~~~~~~~~~                              ^~~~~~~~~~~~~~~~~~~~~~~~~~
/Users/rbsou/Documents/CODE/flutter/flutter_sequencer_plus/ios/third_party/sfizz/src/sfizz/Smoothers.cpp:60:16: note: in instantiation of member function 'sfz::OnePoleFilter<>::processLowpass' requested here
   60 |         filter.processLowpass(input, output);
      |                ^
5 warnings generated.

CompileC /Users/rbsou/Documents/CODE/FLUTTER/flutter_sequencer_plus/ios/third_party/sfizz/build/build/sfizz_internal.build/Release-iphoneos/Objects-normal/arm64/SfzFilter.o /Users/rbsou/Documents/CODE/flutter/flutter_sequencer_plus/ios/third_party/sfizz/src/sfizz/SfzFilter.cpp normal arm64 c++ com.apple.compilers.llvm.clang.1_0.compiler (in target 'sfizz_internal' from project 'libsfizz')
    cd /Users/rbsou/Documents/CODE/flutter/flutter_sequencer_plus/ios/third_party/sfizz
    
    Using response file: /Users/rbsou/Documents/CODE/FLUTTER/flutter_sequencer_plus/ios/third_party/sfizz/build/build/sfizz_internal.build/Release-iphoneos/Objects-normal/arm64/82b82416624d2658e5098eb0a28c15c5-common-args.resp
    
    /Applications/Xcode.app/Contents/Developer/Toolchains/XcodeDefault.xctoolchain/usr/bin/clang -x c++ -ivfsstatcache /var/folders/hm/stpy22mn78n866gmvf98qvgc0000gn/C/com.apple.DeveloperTools/16.3-16E140/Xcode/SDKStatCaches.noindex/iphoneos18.4-22E235-a09501eccf75f892bc376f81961b27ba.sdkstatcache -fmessage-length\=0 -fdiagnostics-show-note-include-stack -fmacro-backtrace-limit\=0 -fno-color-diagnostics -Wno-trigraphs -Wno-missing-field-initializers -Wno-missing-prototypes -Wno-return-type -Wno-non-virtual-dtor -Wno-overloaded-virtual -Wno-exit-time-destructors -Wno-missing-braces -Wparentheses -Wswitch -Wno-unused-function -Wno-unused-label -Wno-unused-parameter -Wno-unused-variable -Wunused-value -Wno-empty-body -Wno-uninitialized -Wno-unknown-pragmas -Wno-shadow -Wno-four-char-constants -Wno-conversion -Wno-constant-conversion -Wno-int-conversion -Wno-bool-conversion -Wno-enum-conversion -Wno-float-conversion -Wno-non-literal-null-conversion -Wno-objc-literal-conversion -Wshorten-64-to-32 -Wno-newline-eof -Wno-c++11-extensions -Wno-implicit-fallthrough -fstrict-aliasing -Wdeprecated-declarations -Winvalid-offsetof -Wno-sign-conversion -Wno-infinite-recursion -Wno-move -Wno-comma -Wno-block-capture-autoreleasing -Wno-strict-prototypes -Wno-range-loop-analysis -Wno-semicolon-before-method-body -Wall -Wextra -Wno-multichar -Werror\=return-type @/Users/rbsou/Documents/CODE/FLUTTER/flutter_sequencer_plus/ios/third_party/sfizz/build/build/sfizz_internal.build/Release-iphoneos/Objects-normal/arm64/82b82416624d2658e5098eb0a28c15c5-common-args.resp -MMD -MT dependencies -MF /Users/rbsou/Documents/CODE/FLUTTER/flutter_sequencer_plus/ios/third_party/sfizz/build/build/sfizz_internal.build/Release-iphoneos/Objects-normal/arm64/SfzFilter.d --serialize-diagnostics /Users/rbsou/Documents/CODE/FLUTTER/flutter_sequencer_plus/ios/third_party/sfizz/build/build/sfizz_internal.build/Release-iphoneos/Objects-normal/arm64/SfzFilter.dia -c /Users/rbsou/Documents/CODE/flutter/flutter_sequencer_plus/ios/third_party/sfizz/src/sfizz/SfzFilter.cpp -o /Users/rbsou/Documents/CODE/FLUTTER/flutter_sequencer_plus/ios/third_party/sfizz/build/build/sfizz_internal.build/Release-iphoneos/Objects-normal/arm64/SfzFilter.o
In file included from /Users/rbsou/Documents/CODE/flutter/flutter_sequencer_plus/ios/third_party/sfizz/src/sfizz/SfzFilter.cpp:10:
In file included from /Users/rbsou/Documents/CODE/flutter/flutter_sequencer_plus/ios/third_party/sfizz/src/sfizz/SIMDHelpers.h:28:
In file included from /Users/rbsou/Documents/CODE/flutter/flutter_sequencer_plus/ios/third_party/sfizz/src/sfizz/Range.h:8:
In file included from /Users/rbsou/Documents/CODE/flutter/flutter_sequencer_plus/ios/third_party/sfizz/src/sfizz/MathHelpers.h:26:
In file included from /Users/rbsou/Documents/CODE/flutter/flutter_sequencer_plus/ios/third_party/sfizz/external/simde/simde/x86/sse.h:33:
In file included from /Users/rbsou/Documents/CODE/flutter/flutter_sequencer_plus/ios/third_party/sfizz/external/simde/simde/x86/mmx.h:30:
/Users/rbsou/Documents/CODE/flutter/flutter_sequencer_plus/ios/third_party/sfizz/external/simde/simde/x86/../simde-common.h:721:8: warning: use of NaN is undefined behavior due to the currently enabled floating-point options [-Wnan-infinity-disabled]
  721 |   if (!simde_math_isnan(x)) {
      |        ^~~~~~~~~~~~~~~~~~~
In file included from /Users/rbsou/Documents/CODE/flutter/flutter_sequencer_plus/ios/third_party/sfizz/src/sfizz/SfzFilter.cpp:10:
In file included from /Users/rbsou/Documents/CODE/flutter/flutter_sequencer_plus/ios/third_party/sfizz/src/sfizz/SIMDHelpers.h:28:
In file included from /Users/rbsou/Documents/CODE/flutter/flutter_sequencer_plus/ios/third_party/sfizz/src/sfizz/Range.h:8:
In file included from /Users/rbsou/Documents/CODE/flutter/flutter_sequencer_plus/ios/third_party/sfizz/src/sfizz/MathHelpers.h:26:
In file included from /Users/rbsou/Documents/CODE/flutter/flutter_sequencer_plus/ios/third_party/sfizz/external/simde/simde/x86/sse.h:33:
In file included from /Users/rbsou/Documents/CODE/flutter/flutter_sequencer_plus/ios/third_party/sfizz/external/simde/simde/x86/mmx.h:30:
In file included from /Users/rbsou/Documents/CODE/flutter/flutter_sequencer_plus/ios/third_party/sfizz/external/simde/simde/x86/../simde-common.h:45:
/Users/rbsou/Documents/CODE/flutter/flutter_sequencer_plus/ios/third_party/sfizz/external/simde/simde/x86/../simde-math.h:310:33: note: expanded from macro 'simde_math_isnan'
  310 |     #define simde_math_isnan(v) __builtin_isnan(v)
      |                                 ^~~~~~~~~~~~~~~~~~
In file included from /Users/rbsou/Documents/CODE/flutter/flutter_sequencer_plus/ios/third_party/sfizz/src/sfizz/SfzFilter.cpp:10:
/Users/rbsou/Documents/CODE/flutter/flutter_sequencer_plus/ios/third_party/sfizz/src/sfizz/SIMDHelpers.h:109:74: warning: implicit conversion loses integer precision: 'unsigned long const' to 'unsigned int' [-Wshorten-64-to-32]
  109 |     readInterleaved(input.data(), outputLeft.data(), outputRight.data(), size);
      |     ~~~~~~~~~~~~~~~                                                      ^~~~
/Users/rbsou/Documents/CODE/flutter/flutter_sequencer_plus/ios/third_party/sfizz/src/sfizz/SIMDHelpers.h:128:74: warning: implicit conversion loses integer precision: 'unsigned long const' to 'unsigned int' [-Wshorten-64-to-32]
  128 |     writeInterleaved(inputLeft.data(), inputRight.data(), output.data(), size);
      |     ~~~~~~~~~~~~~~~~                                                     ^~~~
/Users/rbsou/Documents/CODE/flutter/flutter_sequencer_plus/ios/third_party/sfizz/src/sfizz/SIMDHelpers.h:543:42: warning: implicit conversion loses integer precision: 'size_t' (aka 'unsigned long') to 'unsigned int' [-Wshorten-64-to-32]
  543 |     copy<T>(input.data(), output.data(), minSpanSize(input, output));
      |     ~~~~                                 ^~~~~~~~~~~~~~~~~~~~~~~~~~
/Users/rbsou/Documents/CODE/flutter/flutter_sequencer_plus/ios/third_party/sfizz/src/sfizz/SfzFilter.cpp:107:13: note: in instantiation of function template specialization 'sfz::copy<float>' requested here
  107 |             copy<float>({ in[c], nframes }, { out[c], nframes });
      |             ^

CompileC /Users/rbsou/Documents/CODE/FLUTTER/flutter_sequencer_plus/ios/third_party/sfizz/build/build/sfizz_internal.build/Release-iphoneos/Objects-normal/arm64/SIMDHelpers.o /Users/rbsou/Documents/CODE/flutter/flutter_sequencer_plus/ios/third_party/sfizz/src/sfizz/SIMDHelpers.cpp normal arm64 c++ com.apple.compilers.llvm.clang.1_0.compiler (in target 'sfizz_internal' from project 'libsfizz')
    cd /Users/rbsou/Documents/CODE/flutter/flutter_sequencer_plus/ios/third_party/sfizz
    
    Using response file: /Users/rbsou/Documents/CODE/FLUTTER/flutter_sequencer_plus/ios/third_party/sfizz/build/build/sfizz_internal.build/Release-iphoneos/Objects-normal/arm64/82b82416624d2658e5098eb0a28c15c5-common-args.resp
    
    /Applications/Xcode.app/Contents/Developer/Toolchains/XcodeDefault.xctoolchain/usr/bin/clang -x c++ -ivfsstatcache /var/folders/hm/stpy22mn78n866gmvf98qvgc0000gn/C/com.apple.DeveloperTools/16.3-16E140/Xcode/SDKStatCaches.noindex/iphoneos18.4-22E235-a09501eccf75f892bc376f81961b27ba.sdkstatcache -fmessage-length\=0 -fdiagnostics-show-note-include-stack -fmacro-backtrace-limit\=0 -fno-color-diagnostics -Wno-trigraphs -Wno-missing-field-initializers -Wno-missing-prototypes -Wno-return-type -Wno-non-virtual-dtor -Wno-overloaded-virtual -Wno-exit-time-destructors -Wno-missing-braces -Wparentheses -Wswitch -Wno-unused-function -Wno-unused-label -Wno-unused-parameter -Wno-unused-variable -Wunused-value -Wno-empty-body -Wno-uninitialized -Wno-unknown-pragmas -Wno-shadow -Wno-four-char-constants -Wno-conversion -Wno-constant-conversion -Wno-int-conversion -Wno-bool-conversion -Wno-enum-conversion -Wno-float-conversion -Wno-non-literal-null-conversion -Wno-objc-literal-conversion -Wshorten-64-to-32 -Wno-newline-eof -Wno-c++11-extensions -Wno-implicit-fallthrough -fstrict-aliasing -Wdeprecated-declarations -Winvalid-offsetof -Wno-sign-conversion -Wno-infinite-recursion -Wno-move -Wno-comma -Wno-block-capture-autoreleasing -Wno-strict-prototypes -Wno-range-loop-analysis -Wno-semicolon-before-method-body -Wall -Wextra -Wno-multichar -Werror\=return-type @/Users/rbsou/Documents/CODE/FLUTTER/flutter_sequencer_plus/ios/third_party/sfizz/build/build/sfizz_internal.build/Release-iphoneos/Objects-normal/arm64/82b82416624d2658e5098eb0a28c15c5-common-args.resp -MMD -MT dependencies -MF /Users/rbsou/Documents/CODE/FLUTTER/flutter_sequencer_plus/ios/third_party/sfizz/build/build/sfizz_internal.build/Release-iphoneos/Objects-normal/arm64/SIMDHelpers.d --serialize-diagnostics /Users/rbsou/Documents/CODE/FLUTTER/flutter_sequencer_plus/ios/third_party/sfizz/build/build/sfizz_internal.build/Release-iphoneos/Objects-normal/arm64/SIMDHelpers.dia -c /Users/rbsou/Documents/CODE/flutter/flutter_sequencer_plus/ios/third_party/sfizz/src/sfizz/SIMDHelpers.cpp -o /Users/rbsou/Documents/CODE/FLUTTER/flutter_sequencer_plus/ios/third_party/sfizz/build/build/sfizz_internal.build/Release-iphoneos/Objects-normal/arm64/SIMDHelpers.o
In file included from /Users/rbsou/Documents/CODE/flutter/flutter_sequencer_plus/ios/third_party/sfizz/src/sfizz/SIMDHelpers.cpp:7:
In file included from /Users/rbsou/Documents/CODE/flutter/flutter_sequencer_plus/ios/third_party/sfizz/src/sfizz/SIMDHelpers.h:28:
In file included from /Users/rbsou/Documents/CODE/flutter/flutter_sequencer_plus/ios/third_party/sfizz/src/sfizz/Range.h:8:
In file included from /Users/rbsou/Documents/CODE/flutter/flutter_sequencer_plus/ios/third_party/sfizz/src/sfizz/MathHelpers.h:26:
In file included from /Users/rbsou/Documents/CODE/flutter/flutter_sequencer_plus/ios/third_party/sfizz/external/simde/simde/x86/sse.h:33:
In file included from /Users/rbsou/Documents/CODE/flutter/flutter_sequencer_plus/ios/third_party/sfizz/external/simde/simde/x86/mmx.h:30:
/Users/rbsou/Documents/CODE/flutter/flutter_sequencer_plus/ios/third_party/sfizz/external/simde/simde/x86/../simde-common.h:721:8: warning: use of NaN is undefined behavior due to the currently enabled floating-point options [-Wnan-infinity-disabled]
  721 |   if (!simde_math_isnan(x)) {
      |        ^~~~~~~~~~~~~~~~~~~
In file included from /Users/rbsou/Documents/CODE/flutter/flutter_sequencer_plus/ios/third_party/sfizz/src/sfizz/SIMDHelpers.cpp:7:
In file included from /Users/rbsou/Documents/CODE/flutter/flutter_sequencer_plus/ios/third_party/sfizz/src/sfizz/SIMDHelpers.h:28:
In file included from /Users/rbsou/Documents/CODE/flutter/flutter_sequencer_plus/ios/third_party/sfizz/src/sfizz/Range.h:8:
In file included from /Users/rbsou/Documents/CODE/flutter/flutter_sequencer_plus/ios/third_party/sfizz/src/sfizz/MathHelpers.h:26:
In file included from /Users/rbsou/Documents/CODE/flutter/flutter_sequencer_plus/ios/third_party/sfizz/external/simde/simde/x86/sse.h:33:
In file included from /Users/rbsou/Documents/CODE/flutter/flutter_sequencer_plus/ios/third_party/sfizz/external/simde/simde/x86/mmx.h:30:
In file included from /Users/rbsou/Documents/CODE/flutter/flutter_sequencer_plus/ios/third_party/sfizz/external/simde/simde/x86/../simde-common.h:45:
/Users/rbsou/Documents/CODE/flutter/flutter_sequencer_plus/ios/third_party/sfizz/external/simde/simde/x86/../simde-math.h:310:33: note: expanded from macro 'simde_math_isnan'
  310 |     #define simde_math_isnan(v) __builtin_isnan(v)
      |                                 ^~~~~~~~~~~~~~~~~~
In file included from /Users/rbsou/Documents/CODE/flutter/flutter_sequencer_plus/ios/third_party/sfizz/src/sfizz/SIMDHelpers.cpp:7:
/Users/rbsou/Documents/CODE/flutter/flutter_sequencer_plus/ios/third_party/sfizz/src/sfizz/SIMDHelpers.h:109:74: warning: implicit conversion loses integer precision: 'unsigned long const' to 'unsigned int' [-Wshorten-64-to-32]
  109 |     readInterleaved(input.data(), outputLeft.data(), outputRight.data(), size);
      |     ~~~~~~~~~~~~~~~                                                      ^~~~
/Users/rbsou/Documents/CODE/flutter/flutter_sequencer_plus/ios/third_party/sfizz/src/sfizz/SIMDHelpers.h:128:74: warning: implicit conversion loses integer precision: 'unsigned long const' to 'unsigned int' [-Wshorten-64-to-32]
  128 |     writeInterleaved(inputLeft.data(), inputRight.data(), output.data(), size);
      |     ~~~~~~~~~~~~~~~~                                                     ^~~~
3 warnings generated.

CompileC /Users/rbsou/Documents/CODE/FLUTTER/flutter_sequencer_plus/ios/third_party/sfizz/build/build/sfizz_internal.build/Release-iphoneos/Objects-normal/arm64/Resources.o /Users/rbsou/Documents/CODE/flutter/flutter_sequencer_plus/ios/third_party/sfizz/src/sfizz/Resources.cpp normal arm64 c++ com.apple.compilers.llvm.clang.1_0.compiler (in target 'sfizz_internal' from project 'libsfizz')
    cd /Users/rbsou/Documents/CODE/flutter/flutter_sequencer_plus/ios/third_party/sfizz
    
    Using response file: /Users/rbsou/Documents/CODE/FLUTTER/flutter_sequencer_plus/ios/third_party/sfizz/build/build/sfizz_internal.build/Release-iphoneos/Objects-normal/arm64/82b82416624d2658e5098eb0a28c15c5-common-args.resp
    
    /Applications/Xcode.app/Contents/Developer/Toolchains/XcodeDefault.xctoolchain/usr/bin/clang -x c++ -ivfsstatcache /var/folders/hm/stpy22mn78n866gmvf98qvgc0000gn/C/com.apple.DeveloperTools/16.3-16E140/Xcode/SDKStatCaches.noindex/iphoneos18.4-22E235-a09501eccf75f892bc376f81961b27ba.sdkstatcache -fmessage-length\=0 -fdiagnostics-show-note-include-stack -fmacro-backtrace-limit\=0 -fno-color-diagnostics -Wno-trigraphs -Wno-missing-field-initializers -Wno-missing-prototypes -Wno-return-type -Wno-non-virtual-dtor -Wno-overloaded-virtual -Wno-exit-time-destructors -Wno-missing-braces -Wparentheses -Wswitch -Wno-unused-function -Wno-unused-label -Wno-unused-parameter -Wno-unused-variable -Wunused-value -Wno-empty-body -Wno-uninitialized -Wno-unknown-pragmas -Wno-shadow -Wno-four-char-constants -Wno-conversion -Wno-constant-conversion -Wno-int-conversion -Wno-bool-conversion -Wno-enum-conversion -Wno-float-conversion -Wno-non-literal-null-conversion -Wno-objc-literal-conversion -Wshorten-64-to-32 -Wno-newline-eof -Wno-c++11-extensions -Wno-implicit-fallthrough -fstrict-aliasing -Wdeprecated-declarations -Winvalid-offsetof -Wno-sign-conversion -Wno-infinite-recursion -Wno-move -Wno-comma -Wno-block-capture-autoreleasing -Wno-strict-prototypes -Wno-range-loop-analysis -Wno-semicolon-before-method-body -Wall -Wextra -Wno-multichar -Werror\=return-type @/Users/rbsou/Documents/CODE/FLUTTER/flutter_sequencer_plus/ios/third_party/sfizz/build/build/sfizz_internal.build/Release-iphoneos/Objects-normal/arm64/82b82416624d2658e5098eb0a28c15c5-common-args.resp -MMD -MT dependencies -MF /Users/rbsou/Documents/CODE/FLUTTER/flutter_sequencer_plus/ios/third_party/sfizz/build/build/sfizz_internal.build/Release-iphoneos/Objects-normal/arm64/Resources.d --serialize-diagnostics /Users/rbsou/Documents/CODE/FLUTTER/flutter_sequencer_plus/ios/third_party/sfizz/build/build/sfizz_internal.build/Release-iphoneos/Objects-normal/arm64/Resources.dia -c /Users/rbsou/Documents/CODE/flutter/flutter_sequencer_plus/ios/third_party/sfizz/src/sfizz/Resources.cpp -o /Users/rbsou/Documents/CODE/FLUTTER/flutter_sequencer_plus/ios/third_party/sfizz/build/build/sfizz_internal.build/Release-iphoneos/Objects-normal/arm64/Resources.o
In file included from /Users/rbsou/Documents/CODE/flutter/flutter_sequencer_plus/ios/third_party/sfizz/src/sfizz/Resources.cpp:8:
In file included from /Users/rbsou/Documents/CODE/flutter/flutter_sequencer_plus/ios/third_party/sfizz/src/sfizz/SynthConfig.h:8:
In file included from /Users/rbsou/Documents/CODE/flutter/flutter_sequencer_plus/ios/third_party/sfizz/src/sfizz/Defaults.h:30:
In file included from /Users/rbsou/Documents/CODE/flutter/flutter_sequencer_plus/ios/third_party/sfizz/src/sfizz/Range.h:8:
In file included from /Users/rbsou/Documents/CODE/flutter/flutter_sequencer_plus/ios/third_party/sfizz/src/sfizz/MathHelpers.h:26:
In file included from /Users/rbsou/Documents/CODE/flutter/flutter_sequencer_plus/ios/third_party/sfizz/external/simde/simde/x86/sse.h:33:
In file included from /Users/rbsou/Documents/CODE/flutter/flutter_sequencer_plus/ios/third_party/sfizz/external/simde/simde/x86/mmx.h:30:
/Users/rbsou/Documents/CODE/flutter/flutter_sequencer_plus/ios/third_party/sfizz/external/simde/simde/x86/../simde-common.h:721:8: warning: use of NaN is undefined behavior due to the currently enabled floating-point options [-Wnan-infinity-disabled]
  721 |   if (!simde_math_isnan(x)) {
      |        ^~~~~~~~~~~~~~~~~~~
In file included from /Users/rbsou/Documents/CODE/flutter/flutter_sequencer_plus/ios/third_party/sfizz/src/sfizz/Resources.cpp:8:
In file included from /Users/rbsou/Documents/CODE/flutter/flutter_sequencer_plus/ios/third_party/sfizz/src/sfizz/SynthConfig.h:8:
In file included from /Users/rbsou/Documents/CODE/flutter/flutter_sequencer_plus/ios/third_party/sfizz/src/sfizz/Defaults.h:30:
In file included from /Users/rbsou/Documents/CODE/flutter/flutter_sequencer_plus/ios/third_party/sfizz/src/sfizz/Range.h:8:
In file included from /Users/rbsou/Documents/CODE/flutter/flutter_sequencer_plus/ios/third_party/sfizz/src/sfizz/MathHelpers.h:26:
In file included from /Users/rbsou/Documents/CODE/flutter/flutter_sequencer_plus/ios/third_party/sfizz/external/simde/simde/x86/sse.h:33:
In file included from /Users/rbsou/Documents/CODE/flutter/flutter_sequencer_plus/ios/third_party/sfizz/external/simde/simde/x86/mmx.h:30:
In file included from /Users/rbsou/Documents/CODE/flutter/flutter_sequencer_plus/ios/third_party/sfizz/external/simde/simde/x86/../simde-common.h:45:
/Users/rbsou/Documents/CODE/flutter/flutter_sequencer_plus/ios/third_party/sfizz/external/simde/simde/x86/../simde-math.h:310:33: note: expanded from macro 'simde_math_isnan'
  310 |     #define simde_math_isnan(v) __builtin_isnan(v)
      |                                 ^~~~~~~~~~~~~~~~~~
In file included from /Users/rbsou/Documents/CODE/flutter/flutter_sequencer_plus/ios/third_party/sfizz/src/sfizz/Resources.cpp:8:
In file included from /Users/rbsou/Documents/CODE/flutter/flutter_sequencer_plus/ios/third_party/sfizz/src/sfizz/SynthConfig.h:8:
In file included from /Users/rbsou/Documents/CODE/flutter/flutter_sequencer_plus/ios/third_party/sfizz/src/sfizz/Defaults.h:33:
In file included from /Users/rbsou/Documents/CODE/flutter/flutter_sequencer_plus/ios/third_party/sfizz/src/sfizz/SfzHelpers.h:10:
/Users/rbsou/Documents/CODE/flutter/flutter_sequencer_plus/ios/third_party/sfizz/src/sfizz/SIMDHelpers.h:109:74: warning: implicit conversion loses integer precision: 'unsigned long const' to 'unsigned int' [-Wshorten-64-to-32]
  109 |     readInterleaved(input.data(), outputLeft.data(), outputRight.data(), size);
      |     ~~~~~~~~~~~~~~~                                                      ^~~~
/Users/rbsou/Documents/CODE/flutter/flutter_sequencer_plus/ios/third_party/sfizz/src/sfizz/SIMDHelpers.h:128:74: warning: implicit conversion loses integer precision: 'unsigned long const' to 'unsigned int' [-Wshorten-64-to-32]
  128 |     writeInterleaved(inputLeft.data(), inputRight.data(), output.data(), size);
      |     ~~~~~~~~~~~~~~~~                                                     ^~~~

CompileC /Users/rbsou/Documents/CODE/FLUTTER/flutter_sequencer_plus/ios/third_party/sfizz/build/build/sfizz_internal.build/Release-iphoneos/Objects-normal/arm64/ResonantStringAVX.o /Users/rbsou/Documents/CODE/flutter/flutter_sequencer_plus/ios/third_party/sfizz/src/sfizz/effects/impl/ResonantStringAVX.cpp normal arm64 c++ com.apple.compilers.llvm.clang.1_0.compiler (in target 'sfizz_internal' from project 'libsfizz')
    cd /Users/rbsou/Documents/CODE/flutter/flutter_sequencer_plus/ios/third_party/sfizz
    
    Using response file: /Users/rbsou/Documents/CODE/FLUTTER/flutter_sequencer_plus/ios/third_party/sfizz/build/build/sfizz_internal.build/Release-iphoneos/Objects-normal/arm64/82b82416624d2658e5098eb0a28c15c5-common-args.resp
    
    /Applications/Xcode.app/Contents/Developer/Toolchains/XcodeDefault.xctoolchain/usr/bin/clang -x c++ -ivfsstatcache /var/folders/hm/stpy22mn78n866gmvf98qvgc0000gn/C/com.apple.DeveloperTools/16.3-16E140/Xcode/SDKStatCaches.noindex/iphoneos18.4-22E235-a09501eccf75f892bc376f81961b27ba.sdkstatcache -fmessage-length\=0 -fdiagnostics-show-note-include-stack -fmacro-backtrace-limit\=0 -fno-color-diagnostics -Wno-trigraphs -Wno-missing-field-initializers -Wno-missing-prototypes -Wno-return-type -Wno-non-virtual-dtor -Wno-overloaded-virtual -Wno-exit-time-destructors -Wno-missing-braces -Wparentheses -Wswitch -Wno-unused-function -Wno-unused-label -Wno-unused-parameter -Wno-unused-variable -Wunused-value -Wno-empty-body -Wno-uninitialized -Wno-unknown-pragmas -Wno-shadow -Wno-four-char-constants -Wno-conversion -Wno-constant-conversion -Wno-int-conversion -Wno-bool-conversion -Wno-enum-conversion -Wno-float-conversion -Wno-non-literal-null-conversion -Wno-objc-literal-conversion -Wshorten-64-to-32 -Wno-newline-eof -Wno-c++11-extensions -Wno-implicit-fallthrough -fstrict-aliasing -Wdeprecated-declarations -Winvalid-offsetof -Wno-sign-conversion -Wno-infinite-recursion -Wno-move -Wno-comma -Wno-block-capture-autoreleasing -Wno-strict-prototypes -Wno-range-loop-analysis -Wno-semicolon-before-method-body -Wall -Wextra -Wno-multichar -Werror\=return-type @/Users/rbsou/Documents/CODE/FLUTTER/flutter_sequencer_plus/ios/third_party/sfizz/build/build/sfizz_internal.build/Release-iphoneos/Objects-normal/arm64/82b82416624d2658e5098eb0a28c15c5-common-args.resp -MMD -MT dependencies -MF /Users/rbsou/Documents/CODE/FLUTTER/flutter_sequencer_plus/ios/third_party/sfizz/build/build/sfizz_internal.build/Release-iphoneos/Objects-normal/arm64/ResonantStringAVX.d --serialize-diagnostics /Users/rbsou/Documents/CODE/FLUTTER/flutter_sequencer_plus/ios/third_party/sfizz/build/build/sfizz_internal.build/Release-iphoneos/Objects-normal/arm64/ResonantStringAVX.dia -c /Users/rbsou/Documents/CODE/flutter/flutter_sequencer_plus/ios/third_party/sfizz/src/sfizz/effects/impl/ResonantStringAVX.cpp -o /Users/rbsou/Documents/CODE/FLUTTER/flutter_sequencer_plus/ios/third_party/sfizz/build/build/sfizz_internal.build/Release-iphoneos/Objects-normal/arm64/ResonantStringAVX.o

Libtool /Users/rbsou/Documents/CODE/FLUTTER/flutter_sequencer_plus/ios/third_party/sfizz/build/library/lib/Release/libabsl_time_zone.a normal (in target 'absl_time_zone' from project 'libsfizz')
    cd /Users/rbsou/Documents/CODE/flutter/flutter_sequencer_plus/ios/third_party/sfizz
    /Applications/Xcode.app/Contents/Developer/Toolchains/XcodeDefault.xctoolchain/usr/bin/libtool -static -arch_only arm64 -D -syslibroot /Applications/Xcode.app/Contents/Developer/Platforms/iPhoneOS.platform/Developer/SDKs/iPhoneOS18.4.sdk -L/Users/rbsou/Documents/CODE/FLUTTER/flutter_sequencer_plus/ios/third_party/sfizz/build/library/lib/Release -filelist /Users/rbsou/Documents/CODE/FLUTTER/flutter_sequencer_plus/ios/third_party/sfizz/build/build/absl_time_zone.build/Release-iphoneos/Objects-normal/arm64/absl_time_zone.LinkFileList -dependency_info /Users/rbsou/Documents/CODE/FLUTTER/flutter_sequencer_plus/ios/third_party/sfizz/build/build/absl_time_zone.build/Release-iphoneos/Objects-normal/arm64/absl_time_zone_libtool_dependency_info.dat -o /Users/rbsou/Documents/CODE/FLUTTER/flutter_sequencer_plus/ios/third_party/sfizz/build/library/lib/Release/libabsl_time_zone.a

CompileC /Users/rbsou/Documents/CODE/FLUTTER/flutter_sequencer_plus/ios/third_party/sfizz/build/build/sfizz_internal.build/Release-iphoneos/Objects-normal/arm64/ResonantString.o /Users/rbsou/Documents/CODE/flutter/flutter_sequencer_plus/ios/third_party/sfizz/src/sfizz/effects/impl/ResonantString.cpp normal arm64 c++ com.apple.compilers.llvm.clang.1_0.compiler (in target 'sfizz_internal' from project 'libsfizz')
    cd /Users/rbsou/Documents/CODE/flutter/flutter_sequencer_plus/ios/third_party/sfizz
    
    Using response file: /Users/rbsou/Documents/CODE/FLUTTER/flutter_sequencer_plus/ios/third_party/sfizz/build/build/sfizz_internal.build/Release-iphoneos/Objects-normal/arm64/82b82416624d2658e5098eb0a28c15c5-common-args.resp
    
    /Applications/Xcode.app/Contents/Developer/Toolchains/XcodeDefault.xctoolchain/usr/bin/clang -x c++ -ivfsstatcache /var/folders/hm/stpy22mn78n866gmvf98qvgc0000gn/C/com.apple.DeveloperTools/16.3-16E140/Xcode/SDKStatCaches.noindex/iphoneos18.4-22E235-a09501eccf75f892bc376f81961b27ba.sdkstatcache -fmessage-length\=0 -fdiagnostics-show-note-include-stack -fmacro-backtrace-limit\=0 -fno-color-diagnostics -Wno-trigraphs -Wno-missing-field-initializers -Wno-missing-prototypes -Wno-return-type -Wno-non-virtual-dtor -Wno-overloaded-virtual -Wno-exit-time-destructors -Wno-missing-braces -Wparentheses -Wswitch -Wno-unused-function -Wno-unused-label -Wno-unused-parameter -Wno-unused-variable -Wunused-value -Wno-empty-body -Wno-uninitialized -Wno-unknown-pragmas -Wno-shadow -Wno-four-char-constants -Wno-conversion -Wno-constant-conversion -Wno-int-conversion -Wno-bool-conversion -Wno-enum-conversion -Wno-float-conversion -Wno-non-literal-null-conversion -Wno-objc-literal-conversion -Wshorten-64-to-32 -Wno-newline-eof -Wno-c++11-extensions -Wno-implicit-fallthrough -fstrict-aliasing -Wdeprecated-declarations -Winvalid-offsetof -Wno-sign-conversion -Wno-infinite-recursion -Wno-move -Wno-comma -Wno-block-capture-autoreleasing -Wno-strict-prototypes -Wno-range-loop-analysis -Wno-semicolon-before-method-body -Wall -Wextra -Wno-multichar -Werror\=return-type @/Users/rbsou/Documents/CODE/FLUTTER/flutter_sequencer_plus/ios/third_party/sfizz/build/build/sfizz_internal.build/Release-iphoneos/Objects-normal/arm64/82b82416624d2658e5098eb0a28c15c5-common-args.resp -MMD -MT dependencies -MF /Users/rbsou/Documents/CODE/FLUTTER/flutter_sequencer_plus/ios/third_party/sfizz/build/build/sfizz_internal.build/Release-iphoneos/Objects-normal/arm64/ResonantString.d --serialize-diagnostics /Users/rbsou/Documents/CODE/FLUTTER/flutter_sequencer_plus/ios/third_party/sfizz/build/build/sfizz_internal.build/Release-iphoneos/Objects-normal/arm64/ResonantString.dia -c /Users/rbsou/Documents/CODE/flutter/flutter_sequencer_plus/ios/third_party/sfizz/src/sfizz/effects/impl/ResonantString.cpp -o /Users/rbsou/Documents/CODE/FLUTTER/flutter_sequencer_plus/ios/third_party/sfizz/build/build/sfizz_internal.build/Release-iphoneos/Objects-normal/arm64/ResonantString.o

CompileC /Users/rbsou/Documents/CODE/FLUTTER/flutter_sequencer_plus/ios/third_party/sfizz/build/build/sfizz_internal.build/Release-iphoneos/Objects-normal/arm64/ResonantArraySSE.o /Users/rbsou/Documents/CODE/flutter/flutter_sequencer_plus/ios/third_party/sfizz/src/sfizz/effects/impl/ResonantArraySSE.cpp normal arm64 c++ com.apple.compilers.llvm.clang.1_0.compiler (in target 'sfizz_internal' from project 'libsfizz')
    cd /Users/rbsou/Documents/CODE/flutter/flutter_sequencer_plus/ios/third_party/sfizz
    
    Using response file: /Users/rbsou/Documents/CODE/FLUTTER/flutter_sequencer_plus/ios/third_party/sfizz/build/build/sfizz_internal.build/Release-iphoneos/Objects-normal/arm64/82b82416624d2658e5098eb0a28c15c5-common-args.resp
    
    /Applications/Xcode.app/Contents/Developer/Toolchains/XcodeDefault.xctoolchain/usr/bin/clang -x c++ -ivfsstatcache /var/folders/hm/stpy22mn78n866gmvf98qvgc0000gn/C/com.apple.DeveloperTools/16.3-16E140/Xcode/SDKStatCaches.noindex/iphoneos18.4-22E235-a09501eccf75f892bc376f81961b27ba.sdkstatcache -fmessage-length\=0 -fdiagnostics-show-note-include-stack -fmacro-backtrace-limit\=0 -fno-color-diagnostics -Wno-trigraphs -Wno-missing-field-initializers -Wno-missing-prototypes -Wno-return-type -Wno-non-virtual-dtor -Wno-overloaded-virtual -Wno-exit-time-destructors -Wno-missing-braces -Wparentheses -Wswitch -Wno-unused-function -Wno-unused-label -Wno-unused-parameter -Wno-unused-variable -Wunused-value -Wno-empty-body -Wno-uninitialized -Wno-unknown-pragmas -Wno-shadow -Wno-four-char-constants -Wno-conversion -Wno-constant-conversion -Wno-int-conversion -Wno-bool-conversion -Wno-enum-conversion -Wno-float-conversion -Wno-non-literal-null-conversion -Wno-objc-literal-conversion -Wshorten-64-to-32 -Wno-newline-eof -Wno-c++11-extensions -Wno-implicit-fallthrough -fstrict-aliasing -Wdeprecated-declarations -Winvalid-offsetof -Wno-sign-conversion -Wno-infinite-recursion -Wno-move -Wno-comma -Wno-block-capture-autoreleasing -Wno-strict-prototypes -Wno-range-loop-analysis -Wno-semicolon-before-method-body -Wall -Wextra -Wno-multichar -Werror\=return-type @/Users/rbsou/Documents/CODE/FLUTTER/flutter_sequencer_plus/ios/third_party/sfizz/build/build/sfizz_internal.build/Release-iphoneos/Objects-normal/arm64/82b82416624d2658e5098eb0a28c15c5-common-args.resp -MMD -MT dependencies -MF /Users/rbsou/Documents/CODE/FLUTTER/flutter_sequencer_plus/ios/third_party/sfizz/build/build/sfizz_internal.build/Release-iphoneos/Objects-normal/arm64/ResonantArraySSE.d --serialize-diagnostics /Users/rbsou/Documents/CODE/FLUTTER/flutter_sequencer_plus/ios/third_party/sfizz/build/build/sfizz_internal.build/Release-iphoneos/Objects-normal/arm64/ResonantArraySSE.dia -c /Users/rbsou/Documents/CODE/flutter/flutter_sequencer_plus/ios/third_party/sfizz/src/sfizz/effects/impl/ResonantArraySSE.cpp -o /Users/rbsou/Documents/CODE/FLUTTER/flutter_sequencer_plus/ios/third_party/sfizz/build/build/sfizz_internal.build/Release-iphoneos/Objects-normal/arm64/ResonantArraySSE.o

CompileC /Users/rbsou/Documents/CODE/FLUTTER/flutter_sequencer_plus/ios/third_party/sfizz/build/build/sfizz_internal.build/Release-iphoneos/Objects-normal/arm64/ResonantArrayAVX.o /Users/rbsou/Documents/CODE/flutter/flutter_sequencer_plus/ios/third_party/sfizz/src/sfizz/effects/impl/ResonantArrayAVX.cpp normal arm64 c++ com.apple.compilers.llvm.clang.1_0.compiler (in target 'sfizz_internal' from project 'libsfizz')
    cd /Users/rbsou/Documents/CODE/flutter/flutter_sequencer_plus/ios/third_party/sfizz
    
    Using response file: /Users/rbsou/Documents/CODE/FLUTTER/flutter_sequencer_plus/ios/third_party/sfizz/build/build/sfizz_internal.build/Release-iphoneos/Objects-normal/arm64/82b82416624d2658e5098eb0a28c15c5-common-args.resp
    
    /Applications/Xcode.app/Contents/Developer/Toolchains/XcodeDefault.xctoolchain/usr/bin/clang -x c++ -ivfsstatcache /var/folders/hm/stpy22mn78n866gmvf98qvgc0000gn/C/com.apple.DeveloperTools/16.3-16E140/Xcode/SDKStatCaches.noindex/iphoneos18.4-22E235-a09501eccf75f892bc376f81961b27ba.sdkstatcache -fmessage-length\=0 -fdiagnostics-show-note-include-stack -fmacro-backtrace-limit\=0 -fno-color-diagnostics -Wno-trigraphs -Wno-missing-field-initializers -Wno-missing-prototypes -Wno-return-type -Wno-non-virtual-dtor -Wno-overloaded-virtual -Wno-exit-time-destructors -Wno-missing-braces -Wparentheses -Wswitch -Wno-unused-function -Wno-unused-label -Wno-unused-parameter -Wno-unused-variable -Wunused-value -Wno-empty-body -Wno-uninitialized -Wno-unknown-pragmas -Wno-shadow -Wno-four-char-constants -Wno-conversion -Wno-constant-conversion -Wno-int-conversion -Wno-bool-conversion -Wno-enum-conversion -Wno-float-conversion -Wno-non-literal-null-conversion -Wno-objc-literal-conversion -Wshorten-64-to-32 -Wno-newline-eof -Wno-c++11-extensions -Wno-implicit-fallthrough -fstrict-aliasing -Wdeprecated-declarations -Winvalid-offsetof -Wno-sign-conversion -Wno-infinite-recursion -Wno-move -Wno-comma -Wno-block-capture-autoreleasing -Wno-strict-prototypes -Wno-range-loop-analysis -Wno-semicolon-before-method-body -Wall -Wextra -Wno-multichar -Werror\=return-type @/Users/rbsou/Documents/CODE/FLUTTER/flutter_sequencer_plus/ios/third_party/sfizz/build/build/sfizz_internal.build/Release-iphoneos/Objects-normal/arm64/82b82416624d2658e5098eb0a28c15c5-common-args.resp -MMD -MT dependencies -MF /Users/rbsou/Documents/CODE/FLUTTER/flutter_sequencer_plus/ios/third_party/sfizz/build/build/sfizz_internal.build/Release-iphoneos/Objects-normal/arm64/ResonantArrayAVX.d --serialize-diagnostics /Users/rbsou/Documents/CODE/FLUTTER/flutter_sequencer_plus/ios/third_party/sfizz/build/build/sfizz_internal.build/Release-iphoneos/Objects-normal/arm64/ResonantArrayAVX.dia -c /Users/rbsou/Documents/CODE/flutter/flutter_sequencer_plus/ios/third_party/sfizz/src/sfizz/effects/impl/ResonantArrayAVX.cpp -o /Users/rbsou/Documents/CODE/FLUTTER/flutter_sequencer_plus/ios/third_party/sfizz/build/build/sfizz_internal.build/Release-iphoneos/Objects-normal/arm64/ResonantArrayAVX.o

CompileC /Users/rbsou/Documents/CODE/FLUTTER/flutter_sequencer_plus/ios/third_party/sfizz/build/build/sfizz_internal.build/Release-iphoneos/Objects-normal/arm64/ResonantArray.o /Users/rbsou/Documents/CODE/flutter/flutter_sequencer_plus/ios/third_party/sfizz/src/sfizz/effects/impl/ResonantArray.cpp normal arm64 c++ com.apple.compilers.llvm.clang.1_0.compiler (in target 'sfizz_internal' from project 'libsfizz')
    cd /Users/rbsou/Documents/CODE/flutter/flutter_sequencer_plus/ios/third_party/sfizz
    
    Using response file: /Users/rbsou/Documents/CODE/FLUTTER/flutter_sequencer_plus/ios/third_party/sfizz/build/build/sfizz_internal.build/Release-iphoneos/Objects-normal/arm64/82b82416624d2658e5098eb0a28c15c5-common-args.resp
    
    /Applications/Xcode.app/Contents/Developer/Toolchains/XcodeDefault.xctoolchain/usr/bin/clang -x c++ -ivfsstatcache /var/folders/hm/stpy22mn78n866gmvf98qvgc0000gn/C/com.apple.DeveloperTools/16.3-16E140/Xcode/SDKStatCaches.noindex/iphoneos18.4-22E235-a09501eccf75f892bc376f81961b27ba.sdkstatcache -fmessage-length\=0 -fdiagnostics-show-note-include-stack -fmacro-backtrace-limit\=0 -fno-color-diagnostics -Wno-trigraphs -Wno-missing-field-initializers -Wno-missing-prototypes -Wno-return-type -Wno-non-virtual-dtor -Wno-overloaded-virtual -Wno-exit-time-destructors -Wno-missing-braces -Wparentheses -Wswitch -Wno-unused-function -Wno-unused-label -Wno-unused-parameter -Wno-unused-variable -Wunused-value -Wno-empty-body -Wno-uninitialized -Wno-unknown-pragmas -Wno-shadow -Wno-four-char-constants -Wno-conversion -Wno-constant-conversion -Wno-int-conversion -Wno-bool-conversion -Wno-enum-conversion -Wno-float-conversion -Wno-non-literal-null-conversion -Wno-objc-literal-conversion -Wshorten-64-to-32 -Wno-newline-eof -Wno-c++11-extensions -Wno-implicit-fallthrough -fstrict-aliasing -Wdeprecated-declarations -Winvalid-offsetof -Wno-sign-conversion -Wno-infinite-recursion -Wno-move -Wno-comma -Wno-block-capture-autoreleasing -Wno-strict-prototypes -Wno-range-loop-analysis -Wno-semicolon-before-method-body -Wall -Wextra -Wno-multichar -Werror\=return-type @/Users/rbsou/Documents/CODE/FLUTTER/flutter_sequencer_plus/ios/third_party/sfizz/build/build/sfizz_internal.build/Release-iphoneos/Objects-normal/arm64/82b82416624d2658e5098eb0a28c15c5-common-args.resp -MMD -MT dependencies -MF /Users/rbsou/Documents/CODE/FLUTTER/flutter_sequencer_plus/ios/third_party/sfizz/build/build/sfizz_internal.build/Release-iphoneos/Objects-normal/arm64/ResonantArray.d --serialize-diagnostics /Users/rbsou/Documents/CODE/FLUTTER/flutter_sequencer_plus/ios/third_party/sfizz/build/build/sfizz_internal.build/Release-iphoneos/Objects-normal/arm64/ResonantArray.dia -c /Users/rbsou/Documents/CODE/flutter/flutter_sequencer_plus/ios/third_party/sfizz/src/sfizz/effects/impl/ResonantArray.cpp -o /Users/rbsou/Documents/CODE/FLUTTER/flutter_sequencer_plus/ios/third_party/sfizz/build/build/sfizz_internal.build/Release-iphoneos/Objects-normal/arm64/ResonantArray.o

CompileC /Users/rbsou/Documents/CODE/FLUTTER/flutter_sequencer_plus/ios/third_party/sfizz/build/build/sfizz_internal.build/Release-iphoneos/Objects-normal/arm64/RegionStateful.o /Users/rbsou/Documents/CODE/flutter/flutter_sequencer_plus/ios/third_party/sfizz/src/sfizz/RegionStateful.cpp normal arm64 c++ com.apple.compilers.llvm.clang.1_0.compiler (in target 'sfizz_internal' from project 'libsfizz')
    cd /Users/rbsou/Documents/CODE/flutter/flutter_sequencer_plus/ios/third_party/sfizz
    
    Using response file: /Users/rbsou/Documents/CODE/FLUTTER/flutter_sequencer_plus/ios/third_party/sfizz/build/build/sfizz_internal.build/Release-iphoneos/Objects-normal/arm64/82b82416624d2658e5098eb0a28c15c5-common-args.resp
    
    /Applications/Xcode.app/Contents/Developer/Toolchains/XcodeDefault.xctoolchain/usr/bin/clang -x c++ -ivfsstatcache /var/folders/hm/stpy22mn78n866gmvf98qvgc0000gn/C/com.apple.DeveloperTools/16.3-16E140/Xcode/SDKStatCaches.noindex/iphoneos18.4-22E235-a09501eccf75f892bc376f81961b27ba.sdkstatcache -fmessage-length\=0 -fdiagnostics-show-note-include-stack -fmacro-backtrace-limit\=0 -fno-color-diagnostics -Wno-trigraphs -Wno-missing-field-initializers -Wno-missing-prototypes -Wno-return-type -Wno-non-virtual-dtor -Wno-overloaded-virtual -Wno-exit-time-destructors -Wno-missing-braces -Wparentheses -Wswitch -Wno-unused-function -Wno-unused-label -Wno-unused-parameter -Wno-unused-variable -Wunused-value -Wno-empty-body -Wno-uninitialized -Wno-unknown-pragmas -Wno-shadow -Wno-four-char-constants -Wno-conversion -Wno-constant-conversion -Wno-int-conversion -Wno-bool-conversion -Wno-enum-conversion -Wno-float-conversion -Wno-non-literal-null-conversion -Wno-objc-literal-conversion -Wshorten-64-to-32 -Wno-newline-eof -Wno-c++11-extensions -Wno-implicit-fallthrough -fstrict-aliasing -Wdeprecated-declarations -Winvalid-offsetof -Wno-sign-conversion -Wno-infinite-recursion -Wno-move -Wno-comma -Wno-block-capture-autoreleasing -Wno-strict-prototypes -Wno-range-loop-analysis -Wno-semicolon-before-method-body -Wall -Wextra -Wno-multichar -Werror\=return-type @/Users/rbsou/Documents/CODE/FLUTTER/flutter_sequencer_plus/ios/third_party/sfizz/build/build/sfizz_internal.build/Release-iphoneos/Objects-normal/arm64/82b82416624d2658e5098eb0a28c15c5-common-args.resp -MMD -MT dependencies -MF /Users/rbsou/Documents/CODE/FLUTTER/flutter_sequencer_plus/ios/third_party/sfizz/build/build/sfizz_internal.build/Release-iphoneos/Objects-normal/arm64/RegionStateful.d --serialize-diagnostics /Users/rbsou/Documents/CODE/FLUTTER/flutter_sequencer_plus/ios/third_party/sfizz/build/build/sfizz_internal.build/Release-iphoneos/Objects-normal/arm64/RegionStateful.dia -c /Users/rbsou/Documents/CODE/flutter/flutter_sequencer_plus/ios/third_party/sfizz/src/sfizz/RegionStateful.cpp -o /Users/rbsou/Documents/CODE/FLUTTER/flutter_sequencer_plus/ios/third_party/sfizz/build/build/sfizz_internal.build/Release-iphoneos/Objects-normal/arm64/RegionStateful.o

CompileC /Users/rbsou/Documents/CODE/FLUTTER/flutter_sequencer_plus/ios/third_party/sfizz/build/build/sfizz_internal.build/Release-iphoneos/Objects-normal/arm64/RegionSet.o /Users/rbsou/Documents/CODE/flutter/flutter_sequencer_plus/ios/third_party/sfizz/src/sfizz/RegionSet.cpp normal arm64 c++ com.apple.compilers.llvm.clang.1_0.compiler (in target 'sfizz_internal' from project 'libsfizz')
    cd /Users/rbsou/Documents/CODE/flutter/flutter_sequencer_plus/ios/third_party/sfizz
    
    Using response file: /Users/rbsou/Documents/CODE/FLUTTER/flutter_sequencer_plus/ios/third_party/sfizz/build/build/sfizz_internal.build/Release-iphoneos/Objects-normal/arm64/82b82416624d2658e5098eb0a28c15c5-common-args.resp
    
    /Applications/Xcode.app/Contents/Developer/Toolchains/XcodeDefault.xctoolchain/usr/bin/clang -x c++ -ivfsstatcache /var/folders/hm/stpy22mn78n866gmvf98qvgc0000gn/C/com.apple.DeveloperTools/16.3-16E140/Xcode/SDKStatCaches.noindex/iphoneos18.4-22E235-a09501eccf75f892bc376f81961b27ba.sdkstatcache -fmessage-length\=0 -fdiagnostics-show-note-include-stack -fmacro-backtrace-limit\=0 -fno-color-diagnostics -Wno-trigraphs -Wno-missing-field-initializers -Wno-missing-prototypes -Wno-return-type -Wno-non-virtual-dtor -Wno-overloaded-virtual -Wno-exit-time-destructors -Wno-missing-braces -Wparentheses -Wswitch -Wno-unused-function -Wno-unused-label -Wno-unused-parameter -Wno-unused-variable -Wunused-value -Wno-empty-body -Wno-uninitialized -Wno-unknown-pragmas -Wno-shadow -Wno-four-char-constants -Wno-conversion -Wno-constant-conversion -Wno-int-conversion -Wno-bool-conversion -Wno-enum-conversion -Wno-float-conversion -Wno-non-literal-null-conversion -Wno-objc-literal-conversion -Wshorten-64-to-32 -Wno-newline-eof -Wno-c++11-extensions -Wno-implicit-fallthrough -fstrict-aliasing -Wdeprecated-declarations -Winvalid-offsetof -Wno-sign-conversion -Wno-infinite-recursion -Wno-move -Wno-comma -Wno-block-capture-autoreleasing -Wno-strict-prototypes -Wno-range-loop-analysis -Wno-semicolon-before-method-body -Wall -Wextra -Wno-multichar -Werror\=return-type @/Users/rbsou/Documents/CODE/FLUTTER/flutter_sequencer_plus/ios/third_party/sfizz/build/build/sfizz_internal.build/Release-iphoneos/Objects-normal/arm64/82b82416624d2658e5098eb0a28c15c5-common-args.resp -MMD -MT dependencies -MF /Users/rbsou/Documents/CODE/FLUTTER/flutter_sequencer_plus/ios/third_party/sfizz/build/build/sfizz_internal.build/Release-iphoneos/Objects-normal/arm64/RegionSet.d --serialize-diagnostics /Users/rbsou/Documents/CODE/FLUTTER/flutter_sequencer_plus/ios/third_party/sfizz/build/build/sfizz_internal.build/Release-iphoneos/Objects-normal/arm64/RegionSet.dia -c /Users/rbsou/Documents/CODE/flutter/flutter_sequencer_plus/ios/third_party/sfizz/src/sfizz/RegionSet.cpp -o /Users/rbsou/Documents/CODE/FLUTTER/flutter_sequencer_plus/ios/third_party/sfizz/build/build/sfizz_internal.build/Release-iphoneos/Objects-normal/arm64/RegionSet.o

note: Run script build phase 'Generate CMakeFiles/ZERO_CHECK' will be run during every build because the option to run the script phase "Based on dependency analysis" is unchecked. (in target 'ZERO_CHECK' from project 'libsfizz')
** BUILD FAILED **


The following build commands failed:
	CompileC /Users/rbsou/Documents/CODE/FLUTTER/flutter_sequencer_plus/ios/third_party/sfizz/build/build/sfizz_internal.build/Release-iphoneos/Objects-normal/arm64/Wavetables.o /Users/rbsou/Documents/CODE/flutter/flutter_sequencer_plus/ios/third_party/sfizz/src/sfizz/Wavetables.cpp normal arm64 c++ com.apple.compilers.llvm.clang.1_0.compiler (in target 'sfizz_internal' from project 'libsfizz')
(1 failure)
